CREATE DATABASE  IF NOT EXISTS `lottodating` /*!40100 DEFAULT CHARACTER SET utf8 */;
USE `lottodating`;
-- MySQL dump 10.13  Distrib 5.7.9, for Win32 (AMD64)
--
-- Host: localhost    Database: lottodating
-- ------------------------------------------------------
-- Server version	5.7.9-log

/*!40101 SET @OLD_CHARACTER_SET_CLIENT=@@CHARACTER_SET_CLIENT */;
/*!40101 SET @OLD_CHARACTER_SET_RESULTS=@@CHARACTER_SET_RESULTS */;
/*!40101 SET @OLD_COLLATION_CONNECTION=@@COLLATION_CONNECTION */;
/*!40101 SET NAMES utf8 */;
/*!40103 SET @OLD_TIME_ZONE=@@TIME_ZONE */;
/*!40103 SET TIME_ZONE='+00:00' */;
/*!40014 SET @OLD_UNIQUE_CHECKS=@@UNIQUE_CHECKS, UNIQUE_CHECKS=0 */;
/*!40014 SET @OLD_FOREIGN_KEY_CHECKS=@@FOREIGN_KEY_CHECKS, FOREIGN_KEY_CHECKS=0 */;
/*!40101 SET @OLD_SQL_MODE=@@SQL_MODE, SQL_MODE='NO_AUTO_VALUE_ON_ZERO' */;
/*!40111 SET @OLD_SQL_NOTES=@@SQL_NOTES, SQL_NOTES=0 */;

--
-- Table structure for table `favorite`
--

DROP TABLE IF EXISTS `favorite`;
/*!40101 SET @saved_cs_client     = @@character_set_client */;
/*!40101 SET character_set_client = utf8 */;
CREATE TABLE `favorite` (
  `idfrom` int(11) DEFAULT NULL,
  `idto` int(11) DEFAULT NULL,
  `favoriteid` int(11) NOT NULL AUTO_INCREMENT,
  PRIMARY KEY (`favoriteid`),
  KEY `idto_idx` (`idto`),
  KEY `iduser_idx` (`idfrom`),
  CONSTRAINT `idfrom` FOREIGN KEY (`idfrom`) REFERENCES `user` (`iduser`) ON DELETE NO ACTION ON UPDATE NO ACTION,
  CONSTRAINT `idto` FOREIGN KEY (`idto`) REFERENCES `user` (`iduser`) ON DELETE NO ACTION ON UPDATE NO ACTION
) ENGINE=InnoDB AUTO_INCREMENT=10 DEFAULT CHARSET=utf8;
/*!40101 SET character_set_client = @saved_cs_client */;

--
-- Dumping data for table `favorite`
--

LOCK TABLES `favorite` WRITE;
/*!40000 ALTER TABLE `favorite` DISABLE KEYS */;
INSERT INTO `favorite` VALUES (1,4,5),(2,4,8),(2,5,9);
/*!40000 ALTER TABLE `favorite` ENABLE KEYS */;
UNLOCK TABLES;

--
-- Table structure for table `message`
--

DROP TABLE IF EXISTS `message`;
/*!40101 SET @saved_cs_client     = @@character_set_client */;
/*!40101 SET character_set_client = utf8 */;
CREATE TABLE `message` (
  `idmessage` int(11) NOT NULL AUTO_INCREMENT,
  `idfrom` int(11) NOT NULL,
  `idto` int(11) NOT NULL,
  `objet` longtext,
  `message` longtext,
  `date` datetime DEFAULT NULL,
  `read` int(11) DEFAULT NULL,
  PRIMARY KEY (`idmessage`),
  KEY `idfromFK_idx` (`idfrom`),
  KEY `idtoMessageFK_idx` (`idto`),
  CONSTRAINT `idfromMessageFK` FOREIGN KEY (`idfrom`) REFERENCES `user` (`iduser`) ON DELETE NO ACTION ON UPDATE NO ACTION,
  CONSTRAINT `idtoMessageFK` FOREIGN KEY (`idto`) REFERENCES `user` (`iduser`) ON DELETE NO ACTION ON UPDATE NO ACTION
) ENGINE=InnoDB AUTO_INCREMENT=8 DEFAULT CHARSET=big5;
/*!40101 SET character_set_client = @saved_cs_client */;

--
-- Dumping data for table `message`
--

LOCK TABLES `message` WRITE;
/*!40000 ALTER TABLE `message` DISABLE KEYS */;
INSERT INTO `message` VALUES (2,2,1,'hello','my first message',NULL,NULL),(3,2,3,'hello3','my first messages',NULL,NULL),(4,2,1,'another message','hello',NULL,NULL),(5,2,4,'hjjh','',NULL,NULL),(6,2,5,'hello yeo','it is me',NULL,NULL),(7,3,1,'thank you','for the winks',NULL,NULL);
/*!40000 ALTER TABLE `message` ENABLE KEYS */;
UNLOCK TABLES;

--
-- Table structure for table `picture`
--

DROP TABLE IF EXISTS `picture`;
/*!40101 SET @saved_cs_client     = @@character_set_client */;
/*!40101 SET character_set_client = utf8 */;
CREATE TABLE `picture` (
  `iduser` int(11) DEFAULT NULL,
  `idpicture` int(11) NOT NULL AUTO_INCREMENT,
  `photopath` varchar(45) DEFAULT NULL,
  `profile` int(11) DEFAULT NULL,
  PRIMARY KEY (`idpicture`),
  KEY `iduserFK_idx` (`iduser`),
  CONSTRAINT `iduserFK` FOREIGN KEY (`iduser`) REFERENCES `user` (`iduser`) ON DELETE NO ACTION ON UPDATE NO ACTION
) ENGINE=InnoDB AUTO_INCREMENT=401 DEFAULT CHARSET=utf8;
/*!40101 SET character_set_client = @saved_cs_client */;

--
-- Dumping data for table `picture`
--

LOCK TABLES `picture` WRITE;
/*!40000 ALTER TABLE `picture` DISABLE KEYS */;
INSERT INTO `picture` VALUES (1,1,'1_1.jpg',1),(2,2,'2_1.jpg',1),(3,3,'3_1.jpg',1),(4,4,'4_1.jpg',1),(5,5,'5_1.jpg',1),(6,6,'6_1.jpg',1),(7,7,'7_1.jpg',1),(8,8,'8_1.jpg',1),(9,9,'9_1.jpg',1),(10,10,'10_1.jpg',1),(11,11,'11_1.jpg',1),(12,12,'12_1.jpg',1),(13,13,'13_1.jpg',1),(14,14,'14_1.jpg',1),(15,15,'15_1.jpg',1),(16,16,'16_1.jpg',1),(17,17,'17_1.jpg',1),(18,18,'18_1.jpg',1),(19,19,'19_1.jpg',1),(20,20,'20_1.jpg',1),(21,21,'21_1.jpg',1),(22,22,'22_1.jpg',1),(23,23,'23_1.jpg',1),(24,24,'24_1.jpg',1),(25,25,'25_1.jpg',1),(26,26,'26_1.jpg',1),(27,27,'27_1.jpg',1),(28,28,'28_1.jpg',1),(29,29,'29_1.jpg',1),(30,30,'30_1.jpg',1),(31,31,'31_1.jpg',1),(32,32,'32_1.jpg',1),(33,33,'33_1.jpg',1),(34,34,'34_1.jpg',1),(35,35,'35_1.jpg',1),(36,36,'36_1.jpg',1),(37,37,'37_1.jpg',1),(38,38,'38_1.jpg',1),(39,39,'39_1.jpg',1),(40,40,'40_1.jpg',1),(41,41,'41_1.jpg',1),(42,42,'42_1.jpg',1),(43,43,'43_1.jpg',1),(44,44,'44_1.jpg',1),(45,45,'45_1.jpg',1),(46,46,'46_1.jpg',1),(47,47,'47_1.jpg',1),(48,48,'48_1.jpg',1),(49,49,'49_1.jpg',1),(50,50,'50_1.jpg',1),(51,51,'51_1.jpg',1),(52,52,'52_1.jpg',1),(53,53,'53_1.jpg',1),(54,54,'54_1.jpg',1),(55,55,'55_1.jpg',1),(56,56,'56_1.jpg',1),(57,57,'57_1.jpg',1),(58,58,'58_1.jpg',1),(59,59,'59_1.jpg',1),(60,60,'60_1.jpg',1),(61,61,'61_1.jpg',1),(62,62,'62_1.jpg',1),(63,63,'63_1.jpg',1),(64,64,'64_1.jpg',1),(65,65,'65_1.jpg',1),(66,66,'66_1.jpg',1),(67,67,'67_1.jpg',1),(68,68,'68_1.jpg',1),(69,69,'69_1.jpg',1),(70,70,'70_1.jpg',1),(71,71,'71_1.jpg',1),(72,72,'72_1.jpg',1),(73,73,'73_1.jpg',1),(74,74,'74_1.jpg',1),(75,75,'75_1.jpg',1),(76,76,'76_1.jpg',1),(77,77,'77_1.jpg',1),(78,78,'78_1.jpg',1),(79,79,'79_1.jpg',1),(80,80,'80_1.jpg',1),(81,81,'81_1.jpg',1),(82,82,'82_1.jpg',1),(83,83,'83_1.jpg',1),(84,84,'84_1.jpg',1),(85,85,'85_1.jpg',1),(86,86,'86_1.jpg',1),(87,87,'87_1.jpg',1),(88,88,'88_1.jpg',1),(89,89,'89_1.jpg',1),(90,90,'90_1.jpg',1),(91,91,'91_1.jpg',1),(92,92,'92_1.jpg',1),(93,93,'93_1.jpg',1),(94,94,'94_1.jpg',1),(95,95,'95_1.jpg',1),(96,96,'96_1.jpg',1),(97,97,'97_1.jpg',1),(98,98,'98_1.jpg',1),(99,99,'99_1.jpg',1),(100,100,'100_1.jpg',1),(101,101,'101_1.jpg',1),(102,102,'102_1.jpg',1),(103,103,'103_1.jpg',1),(104,104,'104_1.jpg',1),(105,105,'105_1.jpg',1),(106,106,'106_1.jpg',1),(107,107,'107_1.jpg',1),(108,108,'108_1.jpg',1),(109,109,'109_1.jpg',1),(110,110,'110_1.jpg',1),(111,111,'111_1.jpg',1),(112,112,'112_1.jpg',1),(113,113,'113_1.jpg',1),(114,114,'114_1.jpg',1),(115,115,'115_1.jpg',1),(116,116,'116_1.jpg',1),(117,117,'117_1.jpg',1),(118,118,'118_1.jpg',1),(119,119,'119_1.jpg',1),(120,120,'120_1.jpg',1),(121,121,'121_1.jpg',1),(122,122,'122_1.jpg',1),(123,123,'123_1.jpg',1),(124,124,'124_1.jpg',1),(125,125,'125_1.jpg',1),(126,126,'126_1.jpg',1),(127,127,'127_1.jpg',1),(128,128,'128_1.jpg',1),(129,129,'129_1.jpg',1),(130,130,'130_1.jpg',1),(131,131,'131_1.jpg',1),(132,132,'132_1.jpg',1),(133,133,'133_1.jpg',1),(134,134,'134_1.jpg',1),(135,135,'135_1.jpg',1),(136,136,'136_1.jpg',1),(137,137,'137_1.jpg',1),(138,138,'138_1.jpg',1),(139,139,'139_1.jpg',1),(140,140,'140_1.jpg',1),(141,141,'141_1.jpg',1),(142,142,'142_1.jpg',1),(143,143,'143_1.jpg',1),(144,144,'144_1.jpg',1),(145,145,'145_1.jpg',1),(146,146,'146_1.jpg',1),(147,147,'147_1.jpg',1),(148,148,'148_1.jpg',1),(149,149,'149_1.jpg',1),(150,150,'150_1.jpg',1),(151,151,'151_1.jpg',1),(152,152,'152_1.jpg',1),(153,153,'153_1.jpg',1),(154,154,'154_1.jpg',1),(155,155,'155_1.jpg',1),(156,156,'156_1.jpg',1),(157,157,'157_1.jpg',1),(158,158,'158_1.jpg',1),(159,159,'159_1.jpg',1),(160,160,'160_1.jpg',1),(161,161,'161_1.jpg',1),(162,162,'162_1.jpg',1),(163,163,'163_1.jpg',1),(164,164,'164_1.jpg',1),(165,165,'165_1.jpg',1),(166,166,'166_1.jpg',1),(167,167,'167_1.jpg',1),(168,168,'168_1.jpg',1),(169,169,'169_1.jpg',1),(170,170,'170_1.jpg',1),(171,171,'171_1.jpg',1),(172,172,'172_1.jpg',1),(173,173,'173_1.jpg',1),(174,174,'174_1.jpg',1),(175,175,'175_1.jpg',1),(176,176,'176_1.jpg',1),(177,177,'177_1.jpg',1),(178,178,'178_1.jpg',1),(179,179,'179_1.jpg',1),(180,180,'180_1.jpg',1),(181,181,'181_1.jpg',1),(182,182,'182_1.jpg',1),(183,183,'183_1.jpg',1),(184,184,'184_1.jpg',1),(185,185,'185_1.jpg',1),(186,186,'186_1.jpg',1),(187,187,'187_1.jpg',1),(188,188,'188_1.jpg',1),(189,189,'189_1.jpg',1),(190,190,'190_1.jpg',1),(191,191,'191_1.jpg',1),(192,192,'192_1.jpg',1),(193,193,'193_1.jpg',1),(194,194,'194_1.jpg',1),(195,195,'195_1.jpg',1),(196,196,'196_1.jpg',1),(197,197,'197_1.jpg',1),(198,198,'198_1.jpg',1),(199,199,'199_1.jpg',1),(200,200,'200_1.jpg',1),(1,201,'1_2.jpg',0),(2,202,'2_2.jpg',0),(3,203,'3_2.jpg',0),(4,204,'4_2.jpg',0),(5,205,'5_2.jpg',0),(6,206,'6_2.jpg',0),(7,207,'7_2.jpg',0),(8,208,'8_2.jpg',0),(9,209,'9_2.jpg',0),(10,210,'10_2.jpg',0),(11,211,'11_2.jpg',0),(12,212,'12_2.jpg',0),(13,213,'13_2.jpg',0),(14,214,'14_2.jpg',0),(15,215,'15_2.jpg',0),(16,216,'16_2.jpg',0),(17,217,'17_2.jpg',0),(18,218,'18_2.jpg',0),(19,219,'19_2.jpg',0),(20,220,'20_2.jpg',0),(21,221,'21_2.jpg',0),(22,222,'22_2.jpg',0),(23,223,'23_2.jpg',0),(24,224,'24_2.jpg',0),(25,225,'25_2.jpg',0),(26,226,'26_2.jpg',0),(27,227,'27_2.jpg',0),(28,228,'28_2.jpg',0),(29,229,'29_2.jpg',0),(30,230,'30_2.jpg',0),(31,231,'31_2.jpg',0),(32,232,'32_2.jpg',0),(33,233,'33_2.jpg',0),(34,234,'34_2.jpg',0),(35,235,'35_2.jpg',0),(36,236,'36_2.jpg',0),(37,237,'37_2.jpg',0),(38,238,'38_2.jpg',0),(39,239,'39_2.jpg',0),(40,240,'40_2.jpg',0),(41,241,'41_2.jpg',0),(42,242,'42_2.jpg',0),(43,243,'43_2.jpg',0),(44,244,'44_2.jpg',0),(45,245,'45_2.jpg',0),(46,246,'46_2.jpg',0),(47,247,'47_2.jpg',0),(48,248,'48_2.jpg',0),(49,249,'49_2.jpg',0),(50,250,'50_2.jpg',0),(51,251,'51_2.jpg',0),(52,252,'52_2.jpg',0),(53,253,'53_2.jpg',0),(54,254,'54_2.jpg',0),(55,255,'55_2.jpg',0),(56,256,'56_2.jpg',0),(57,257,'57_2.jpg',0),(58,258,'58_2.jpg',0),(59,259,'59_2.jpg',0),(60,260,'60_2.jpg',0),(61,261,'61_2.jpg',0),(62,262,'62_2.jpg',0),(63,263,'63_2.jpg',0),(64,264,'64_2.jpg',0),(65,265,'65_2.jpg',0),(66,266,'66_2.jpg',0),(67,267,'67_2.jpg',0),(68,268,'68_2.jpg',0),(69,269,'69_2.jpg',0),(70,270,'70_2.jpg',0),(71,271,'71_2.jpg',0),(72,272,'72_2.jpg',0),(73,273,'73_2.jpg',0),(74,274,'74_2.jpg',0),(75,275,'75_2.jpg',0),(76,276,'76_2.jpg',0),(77,277,'77_2.jpg',0),(78,278,'78_2.jpg',0),(79,279,'79_2.jpg',0),(80,280,'80_2.jpg',0),(81,281,'81_2.jpg',0),(82,282,'82_2.jpg',0),(83,283,'83_2.jpg',0),(84,284,'84_2.jpg',0),(85,285,'85_2.jpg',0),(86,286,'86_2.jpg',0),(87,287,'87_2.jpg',0),(88,288,'88_2.jpg',0),(89,289,'89_2.jpg',0),(90,290,'90_2.jpg',0),(91,291,'91_2.jpg',0),(92,292,'92_2.jpg',0),(93,293,'93_2.jpg',0),(94,294,'94_2.jpg',0),(95,295,'95_2.jpg',0),(96,296,'96_2.jpg',0),(97,297,'97_2.jpg',0),(98,298,'98_2.jpg',0),(99,299,'99_2.jpg',0),(100,300,'100_2.jpg',0),(101,301,'101_3.jpg',0),(102,302,'102_3.jpg',0),(103,303,'103_3.jpg',0),(104,304,'104_3.jpg',0),(105,305,'105_3.jpg',0),(106,306,'106_3.jpg',0),(107,307,'107_3.jpg',0),(108,308,'108_3.jpg',0),(109,309,'109_3.jpg',0),(110,310,'110_3.jpg',0),(111,311,'111_3.jpg',0),(112,312,'112_3.jpg',0),(113,313,'113_3.jpg',0),(114,314,'114_3.jpg',0),(115,315,'115_3.jpg',0),(116,316,'116_3.jpg',0),(117,317,'117_3.jpg',0),(118,318,'118_3.jpg',0),(119,319,'119_3.jpg',0),(120,320,'120_3.jpg',0),(121,321,'121_3.jpg',0),(122,322,'122_3.jpg',0),(123,323,'123_3.jpg',0),(124,324,'124_3.jpg',0),(125,325,'125_3.jpg',0),(126,326,'126_3.jpg',0),(127,327,'127_3.jpg',0),(128,328,'128_3.jpg',0),(129,329,'129_3.jpg',0),(130,330,'130_3.jpg',0),(131,331,'131_3.jpg',0),(132,332,'132_3.jpg',0),(133,333,'133_3.jpg',0),(134,334,'134_3.jpg',0),(135,335,'135_3.jpg',0),(136,336,'136_3.jpg',0),(137,337,'137_3.jpg',0),(138,338,'138_3.jpg',0),(139,339,'139_3.jpg',0),(140,340,'140_3.jpg',0),(141,341,'141_3.jpg',0),(142,342,'142_3.jpg',0),(143,343,'143_3.jpg',0),(144,344,'144_3.jpg',0),(145,345,'145_3.jpg',0),(146,346,'146_3.jpg',0),(147,347,'147_3.jpg',0),(148,348,'148_3.jpg',0),(149,349,'149_3.jpg',0),(150,350,'150_3.jpg',0),(151,351,'151_3.jpg',0),(152,352,'152_3.jpg',0),(153,353,'153_3.jpg',0),(154,354,'154_3.jpg',0),(155,355,'155_3.jpg',0),(156,356,'156_3.jpg',0),(157,357,'157_3.jpg',0),(158,358,'158_3.jpg',0),(159,359,'159_3.jpg',0),(160,360,'160_3.jpg',0),(161,361,'161_3.jpg',0),(162,362,'162_3.jpg',0),(163,363,'163_3.jpg',0),(164,364,'164_3.jpg',0),(165,365,'165_3.jpg',0),(166,366,'166_3.jpg',0),(167,367,'167_3.jpg',0),(168,368,'168_3.jpg',0),(169,369,'169_3.jpg',0),(170,370,'170_3.jpg',0),(171,371,'171_3.jpg',0),(172,372,'172_3.jpg',0),(173,373,'173_3.jpg',0),(174,374,'174_3.jpg',0),(175,375,'175_3.jpg',0),(176,376,'176_3.jpg',0),(177,377,'177_3.jpg',0),(178,378,'178_3.jpg',0),(179,379,'179_3.jpg',0),(180,380,'180_3.jpg',0),(181,381,'181_3.jpg',0),(182,382,'182_3.jpg',0),(183,383,'183_3.jpg',0),(184,384,'184_3.jpg',0),(185,385,'185_3.jpg',0),(186,386,'186_3.jpg',0),(187,387,'187_3.jpg',0),(188,388,'188_3.jpg',0),(189,389,'189_3.jpg',0),(190,390,'190_3.jpg',0),(191,391,'191_3.jpg',0),(192,392,'192_3.jpg',0),(193,393,'193_3.jpg',0),(194,394,'194_3.jpg',0),(195,395,'195_3.jpg',0),(196,396,'196_3.jpg',0),(197,397,'197_3.jpg',0),(198,398,'198_3.jpg',0),(199,399,'199_3.jpg',0),(200,400,'200_3.jpg',0);
/*!40000 ALTER TABLE `picture` ENABLE KEYS */;
UNLOCK TABLES;

--
-- Table structure for table `rating`
--

DROP TABLE IF EXISTS `rating`;
/*!40101 SET @saved_cs_client     = @@character_set_client */;
/*!40101 SET character_set_client = utf8 */;
CREATE TABLE `rating` (
  `idfrom` varchar(45) DEFAULT NULL,
  `idto` varchar(45) DEFAULT NULL,
  `rate` varchar(45) DEFAULT NULL,
  `idrating` int(11) NOT NULL AUTO_INCREMENT,
  `ratingcol` varchar(45) DEFAULT NULL,
  PRIMARY KEY (`idrating`),
  KEY `idfromFK_idx` (`idfrom`),
  KEY `idtoFK_idx` (`idto`)
) ENGINE=InnoDB AUTO_INCREMENT=12 DEFAULT CHARSET=utf8;
/*!40101 SET character_set_client = @saved_cs_client */;

--
-- Dumping data for table `rating`
--

LOCK TABLES `rating` WRITE;
/*!40000 ALTER TABLE `rating` DISABLE KEYS */;
INSERT INTO `rating` VALUES ('1','2','3',1,NULL),('3','2','4',2,NULL),('1','2','3',3,NULL),('1','3','3',4,NULL),('1','10','5',5,NULL),('1','2','4',6,NULL),('1','4','2',7,NULL),('1','3','4',8,NULL),('1','9','3',9,NULL),('1','3','4',10,NULL),('1','5','1',11,NULL);
/*!40000 ALTER TABLE `rating` ENABLE KEYS */;
UNLOCK TABLES;

--
-- Table structure for table `user`
--

DROP TABLE IF EXISTS `user`;
/*!40101 SET @saved_cs_client     = @@character_set_client */;
/*!40101 SET character_set_client = utf8 */;
CREATE TABLE `user` (
  `iduser` int(11) NOT NULL AUTO_INCREMENT,
  `firstname` varchar(45) DEFAULT NULL,
  `familyname` varchar(45) DEFAULT NULL,
  `gender` varchar(1) DEFAULT NULL,
  `nickname` varchar(45) NOT NULL,
  `email` varchar(100) DEFAULT NULL,
  `membership_lvl` int(11) DEFAULT NULL,
  `mail_avert` int(11) DEFAULT NULL,
  `birthdate` datetime DEFAULT NULL,
  `pwd` varchar(45) NOT NULL,
  PRIMARY KEY (`iduser`),
  UNIQUE KEY `nickname_UNIQUE` (`nickname`),
  UNIQUE KEY `email_UNIQUE` (`email`)
) ENGINE=InnoDB AUTO_INCREMENT=201 DEFAULT CHARSET=utf8;
/*!40101 SET character_set_client = @saved_cs_client */;

--
-- Dumping data for table `user`
--

LOCK TABLES `user` WRITE;
/*!40000 ALTER TABLE `user` DISABLE KEYS */;
INSERT INTO `user` VALUES (1,'Jaime','Ballard','f','Jaime1 ','Maecenas.mi@anteipsum.net',0,1,'1958-04-20 17:00:56','abc123...'),(2,'Eliana','Lyons','f','Eliana2 ','malesuada@dictum.edu',0,0,'1980-08-12 07:32:06','abc123...'),(3,'Karina','Mayo','f','Karina3 ','interdum.Sed@nonummyipsum.com',0,0,'1989-12-24 06:23:38','abc123...'),(4,'Madaline','Cain','f','Madaline4 ','consectetuer.adipiscing@arcuNunc.org',1,1,'1986-07-20 06:11:22','abc123...'),(5,'Yeo','Hutchinson','f','Yeo5 ','vitae@massa.co.uk',0,1,'1983-08-06 01:14:07','abc123...'),(6,'Jaden','Hancock','f','Jaden6 ','Aliquam.rutrum@a.ca',0,1,'1986-08-10 06:13:59','abc123...'),(7,'Pearl','Bell','f','Pearl7 ','Mauris.vel@fringillaeuismodenim.ca',0,0,'1992-08-26 23:37:01','abc123...'),(8,'Kai','Valencia','f','Kai8 ','Donec@tortor.com',1,1,'1958-11-10 22:35:45','abc123...'),(9,'Kessie','Salazar','f','Kessie9 ','enim.Mauris@ipsumdolorsit.ca',1,0,'1974-08-03 15:41:04','abc123...'),(10,'Brooke','Cameron','f','Brooke10 ','quis.diam@Namtempordiam.org',1,1,'1963-01-13 10:07:29','abc123...'),(11,'Xena','Bush','f','Xena11 ','imperdiet.nec.leo@malesuada.net',1,0,'1986-08-09 20:17:04','abc123...'),(12,'Chiquita','Frederick','f','Chiquita12 ','orci.Donec.nibh@Sed.co.uk',1,1,'1962-12-08 23:57:28','abc123...'),(13,'Jenna','Mercer','f','Jenna13 ','tempus.eu.ligula@laoreet.edu',0,1,'1980-01-01 17:01:46','abc123...'),(14,'Jordan','Hooper','f','Jordan14 ','ipsum@nonarcu.org',1,0,'1984-11-08 06:39:51','abc123...'),(15,'Clementine','Scott','f','Clementine15 ','commodo@Curabiturutodio.net',0,1,'1975-10-02 21:10:31','abc123...'),(16,'Leigh','Mccall','f','Leigh16 ','Nullam.scelerisque.neque@Craslorem.com',0,0,'1954-08-05 12:59:28','abc123...'),(17,'Rhona','Booth','f','Rhona17 ','Phasellus.dapibus@Phasellusliberomauris.net',0,1,'1989-08-09 04:15:22','abc123...'),(18,'Emma','Potter','f','Emma18 ','vestibulum.nec.euismod@Sedmalesuada.ca',1,0,'1958-11-21 13:53:30','abc123...'),(19,'Basia','Glass','f','Basia19 ','non.feugiat@Nullamsuscipit.com',0,1,'1961-08-05 18:21:01','abc123...'),(20,'Shellie','Ochoa','f','Shellie20 ','velit@consequat.co.uk',1,1,'1963-12-07 08:02:41','abc123...'),(21,'Natalie','Snider','f','Natalie21 ','dolor.nonummy.ac@nisi.co.uk',0,1,'1983-05-08 11:22:56','abc123...'),(22,'Angelica','Johnston','f','Angelica22 ','aliquet.lobortis@malesuadafamesac.com',0,0,'1978-10-13 20:12:37','abc123...'),(23,'Brenda','Henderson','f','Brenda23 ','odio@risusaultricies.ca',0,0,'1952-07-20 11:58:28','abc123...'),(24,'Amanda','Mcmahon','f','Amanda24 ','ut@Vivamusrhoncus.co.uk',0,0,'1960-09-09 09:51:40','abc123...'),(25,'Nerea','Oneill','f','Nerea25 ','velit.egestas.lacinia@Namconsequat.ca',0,0,'1983-03-27 14:57:40','abc123...'),(26,'Harriet','Rogers','f','Harriet26 ','Nullam.suscipit@Aeneaneuismod.org',1,1,'1972-05-24 16:57:08','abc123...'),(27,'Lynn','Robles','f','Lynn27 ','Cras.convallis@euismod.co.uk',1,0,'1976-08-08 02:44:30','abc123...'),(28,'Eugenia','Branch','f','Eugenia28 ','ac.feugiat@Fusce.ca',1,0,'1986-09-04 05:53:04','abc123...'),(29,'Brianna','Lowery','f','Brianna29 ','ante.dictum.cursus@diam.edu',1,1,'1968-12-11 15:44:33','abc123...'),(30,'Jael','Abbott','f','Jael30 ','vitae.diam@blanditat.ca',1,0,'1984-03-05 20:40:48','abc123...'),(31,'Bree','Collins','f','Bree31 ','Quisque@necligula.edu',0,1,'1994-05-31 22:21:15','abc123...'),(32,'Meredith','Humphrey','f','Meredith32 ','quam@quisdiamluctus.co.uk',0,1,'1982-04-13 19:14:39','abc123...'),(33,'Nola','Dawson','f','Nola33 ','libero.Proin@tortordictum.org',0,0,'1981-06-28 10:52:05','abc123...'),(34,'Amanda','Cummings','f','Amanda34 ','Etiam.imperdiet@Maurisvel.net',1,1,'1953-01-12 19:21:35','abc123...'),(35,'MacKensie','Ray','f','MacKensie35 ','Suspendisse.aliquet@mauriserateget.edu',0,0,'1992-09-29 01:23:06','abc123...'),(36,'Holly','Small','f','Holly36 ','libero.Proin.mi@egetnisidictum.co.uk',1,0,'1969-03-05 04:58:09','abc123...'),(37,'Sybil','Guthrie','f','Sybil37 ','neque@adipiscing.ca',0,0,'1950-12-02 11:05:04','abc123...'),(38,'Isadora','Mayer','f','Isadora38 ','rhoncus.Donec.est@ornarelibero.net',1,1,'1959-04-22 09:31:27','abc123...'),(39,'Tanisha','Payne','f','Tanisha39 ','gravida@temporlorem.com',0,0,'1981-02-28 03:08:37','abc123...'),(40,'Dawn','Hester','f','Dawn40 ','ipsum@eleifend.edu',1,1,'1956-05-06 08:37:05','abc123...'),(41,'Hanna','Summers','f','Hanna41 ','dignissim.Maecenas@dignissim.co.uk',1,1,'1995-05-22 07:03:16','abc123...'),(42,'Nichole','Singleton','f','Nichole42 ','vulputate.nisi.sem@scelerisqueneque.org',0,0,'1979-01-14 17:36:19','abc123...'),(43,'Zelda','Hood','f','Zelda43 ','a@Suspendisse.net',0,1,'1977-06-22 05:11:56','abc123...'),(44,'Nell','Delaney','f','Nell44 ','ornare.libero.at@Sedauctor.net',0,1,'1964-11-11 15:00:06','abc123...'),(45,'Iola','Patton','f','Iola45 ','enim.non@insodaleselit.net',1,1,'1957-05-28 06:18:00','abc123...'),(46,'Dakota','Parks','f','Dakota46 ','Suspendisse.ac@Vivamus.com',0,1,'1996-01-27 16:26:36','abc123...'),(47,'Larissa','Jacobs','f','Larissa47 ','sit@senectuset.edu',1,1,'1977-12-29 12:52:40','abc123...'),(48,'Nola','Drake','f','Nola48 ','sem@at.com',1,0,'1967-12-03 08:09:37','abc123...'),(49,'Hermione','Whitney','f','Hermione49 ','non.dui@maurisa.co.uk',0,0,'1956-07-07 04:53:02','abc123...'),(50,'Harriet','Vega','f','Harriet50 ','non.leo@pellentesquetellus.edu',1,0,'1991-04-04 18:19:10','abc123...'),(51,'Xena','Green','f','Xena51 ','non.ante@nec.ca',0,0,'1960-01-21 12:33:18','abc123...'),(52,'Aileen','Rocha','f','Aileen52 ','non.bibendum@et.net',1,0,'1961-05-01 14:11:12','abc123...'),(53,'Mechelle','Henderson','f','Mechelle53 ','augue.ut.lacus@faucibus.com',1,1,'1997-11-04 08:34:30','abc123...'),(54,'Florence','Daugherty','f','Florence54 ','gravida.nunc@nonummyFuscefermentum.co.uk',0,1,'1963-05-27 08:38:04','abc123...'),(55,'Ignacia','Bradshaw','f','Ignacia55 ','rhoncus.Nullam@enimSuspendissealiquet.ca',0,1,'1996-10-04 21:37:45','abc123...'),(56,'Madeson','Robbins','f','Madeson56 ','felis@laoreetposuereenim.org',0,1,'1957-12-24 22:50:38','abc123...'),(57,'Iola','Lynn','f','Iola57 ','Ut@facilisisfacilisis.co.uk',0,1,'1954-12-28 08:29:08','abc123...'),(58,'Hedwig','Flowers','f','Hedwig58 ','dolor.dapibus@Donec.net',1,0,'1966-10-25 23:25:21','abc123...'),(59,'Isabella','Travis','f','Isabella59 ','mollis.Duis@euarcu.net',0,1,'1959-08-06 15:24:54','abc123...'),(60,'Cecilia','Peck','f','Cecilia60 ','cubilia.Curae.Phasellus@dolor.com',1,0,'1970-04-09 02:51:14','abc123...'),(61,'Olivia','Perkins','f','Olivia61 ','adipiscing@Ut.edu',1,1,'1951-09-30 18:04:08','abc123...'),(62,'Anjolie','Hinton','f','Anjolie62 ','massa@telluslorem.co.uk',0,1,'1953-05-10 22:24:38','abc123...'),(63,'Jolene','Watson','f','Jolene63 ','in.felis@Mauris.co.uk',1,1,'1976-08-20 00:22:03','abc123...'),(64,'Jayme','Hoffman','f','Jayme64 ','scelerisque.neque.sed@sed.co.uk',0,1,'1957-07-22 20:44:40','abc123...'),(65,'Astra','Bullock','f','Astra65 ','quam.a.felis@sodalesMauris.com',0,1,'1962-03-09 14:53:34','abc123...'),(66,'Winter','Gross','f','Winter66 ','Cras.convallis.convallis@sapienimperdietornare.co.uk',0,1,'1972-05-12 15:52:14','abc123...'),(67,'Hedwig','Kemp','f','Hedwig67 ','eget.venenatis.a@convallis.org',0,1,'1967-06-16 21:28:00','abc123...'),(68,'Genevieve','Moreno','f','Genevieve68 ','Maecenas@sitametmassa.edu',1,0,'1961-02-22 03:52:44','abc123...'),(69,'Florence','Newton','f','Florence69 ','vulputate.dui@velvulputateeu.com',0,0,'1983-09-13 07:57:30','abc123...'),(70,'Natalie','Ballard','f','Natalie70 ','tempor.erat.neque@arcuAliquam.edu',0,1,'1997-02-09 19:44:17','abc123...'),(71,'Alma','Richards','f','Alma71 ','Nam.nulla.magna@malesuadautsem.ca',1,1,'1963-09-05 16:55:08','abc123...'),(72,'Adele','Hewitt','f','Adele72 ','erat.Etiam.vestibulum@Aeneaneget.com',1,0,'1988-01-24 05:48:38','abc123...'),(73,'Grace','Hammond','f','Grace73 ','sit.amet@nec.com',1,0,'1962-10-10 06:21:06','abc123...'),(74,'Blossom','Robles','f','Blossom74 ','mollis.Duis@sitametdiam.org',0,1,'1972-05-03 10:34:39','abc123...'),(75,'Hedy','Simon','f','Hedy75 ','a.aliquet.vel@ipsumprimisin.ca',1,1,'1966-05-14 18:19:27','abc123...'),(76,'Aline','Trujillo','f','Aline76 ','Duis@tinciduntnibh.edu',0,0,'1976-02-25 22:11:12','abc123...'),(77,'Chiquita','Martin','f','Chiquita77 ','enim@necluctusfelis.net',0,0,'1960-11-01 23:23:06','abc123...'),(78,'Joan','Kelly','f','Joan78 ','nunc@Aliquamfringillacursus.ca',0,0,'1988-02-15 22:11:40','abc123...'),(79,'Ocean','Anthony','f','Ocean79 ','mi@dapibus.ca',0,1,'1973-03-08 14:17:21','abc123...'),(80,'Denise','Pierce','f','Denise80 ','consectetuer.cursus@urnasuscipit.com',0,1,'1988-08-27 14:46:41','abc123...'),(81,'Venus','Mcmillan','f','Venus81 ','nibh@facilisis.org',1,0,'1958-09-26 16:44:32','abc123...'),(82,'Deborah','Sutton','f','Deborah82 ','vulputate.mauris.sagittis@Duisdignissimtempor.ca',1,0,'1982-10-26 20:19:33','abc123...'),(83,'Neve','Dyer','f','Neve83 ','arcu@mus.edu',1,1,'1984-02-15 02:38:02','abc123...'),(84,'Ainsley','Zamora','f','Ainsley84 ','purus@ut.net',0,1,'1962-11-01 20:12:19','abc123...'),(85,'Yetta','Mcleod','f','Yetta85 ','ac.mattis.velit@vel.ca',0,0,'1993-08-17 23:33:50','abc123...'),(86,'Hollee','Shelton','f','Hollee86 ','quam.Curabitur.vel@nonlaciniaat.ca',0,1,'1957-11-21 02:00:34','abc123...'),(87,'Ifeoma','Fleming','f','Ifeoma87 ','Mauris.nulla@nequevenenatislacus.edu',0,1,'1992-09-07 12:49:18','abc123...'),(88,'Germaine','Atkinson','f','Germaine88 ','facilisis.lorem.tristique@bibendumsed.edu',1,0,'1973-04-01 07:04:09','abc123...'),(89,'Carly','Leblanc','f','Carly89 ','imperdiet.ullamcorper@ligulaAenean.ca',1,0,'1953-06-03 08:54:12','abc123...'),(90,'Cassady','Guerra','f','Cassady90 ','vulputate.lacus.Cras@utipsumac.net',0,0,'1986-08-30 12:12:05','abc123...'),(91,'Barbara','Hensley','f','Barbara91 ','elementum.at@ornare.co.uk',1,1,'1977-12-12 02:51:39','abc123...'),(92,'Cheryl','Nieves','f','Cheryl92 ','libero@mifelisadipiscing.co.uk',1,1,'1983-07-07 00:45:45','abc123...'),(93,'Anastasia','Carney','f','Anastasia93 ','Aliquam.adipiscing@rhoncus.org',1,0,'1951-05-19 17:24:26','abc123...'),(94,'Callie','Cummings','f','Callie94 ','felis.ullamcorper.viverra@sagittisDuis.ca',0,0,'1983-04-18 19:46:53','abc123...'),(95,'Cathleen','Talley','f','Cathleen95 ','eget.volutpat.ornare@mienim.net',0,1,'1971-11-11 23:50:40','abc123...'),(96,'Skyler','Oneill','f','Skyler96 ','sit.amet@elementumdui.edu',0,0,'1950-05-07 23:07:03','abc123...'),(97,'Hermione','Boyd','f','Hermione97 ','dolor@dolorelit.net',0,0,'1970-05-25 02:35:54','abc123...'),(98,'Kevyn','Tate','f','Kevyn98 ','magna.Lorem.ipsum@Integer.co.uk',1,0,'1958-12-14 02:32:25','abc123...'),(99,'Maggie','Foster','f','Maggie99 ','magna.Lorem@adipiscingnonluctus.ca',1,1,'1958-07-01 15:51:11','abc123...'),(100,'Montana','Lambert','f','Montana100 ','nec.euismod.in@etrutrum.org',1,1,'1950-10-07 23:52:32','abc123...'),(101,'Wallace','Stark','m','Wallace101 ','vestibulum.massa.rutrum@magnaSuspendisse.ca',1,0,'1964-12-06 23:38:39','abc123...'),(102,'Sebastian','Goodwin','m','Sebastian102 ','justo@augueidante.ca',1,0,'1995-02-01 06:01:41','abc123...'),(103,'Sawyer','Kline','m','Sawyer103 ','eros.nec@Curabitursed.com',0,0,'1992-03-31 07:18:16','abc123...'),(104,'Keaton','Hammond','m','Keaton104 ','eget.metus@aliquameu.org',1,0,'1995-03-19 03:16:29','abc123...'),(105,'Kenyon','Dixon','m','Kenyon105 ','vel.lectus@rutrumurnanec.ca',1,1,'1956-06-03 15:03:29','abc123...'),(106,'Bevis','Patterson','m','Bevis106 ','diam.lorem.auctor@vitaediam.org',1,1,'1971-10-09 10:23:43','abc123...'),(107,'Gage','Osborn','m','Gage107 ','dui@blandit.edu',1,0,'1994-03-21 04:54:16','abc123...'),(108,'Lucas','Gutierrez','m','Lucas108 ','pede.Suspendisse@IncondimentumDonec.edu',1,0,'1984-03-01 13:25:34','abc123...'),(109,'Carlos','Good','m','Carlos109 ','euismod@tempuseuligula.net',1,1,'1965-03-26 13:23:03','abc123...'),(110,'Randall','Moore','m','Randall110 ','cursus.et.magna@ac.org',1,1,'1957-11-16 23:27:54','abc123...'),(111,'Harrison','Molina','m','Harrison111 ','quis.urna.Nunc@idrisus.co.uk',1,1,'1954-08-24 18:32:26','abc123...'),(112,'Ezekiel','Chavez','m','Ezekiel112 ','mauris.ipsum@Cumsociisnatoque.ca',0,0,'1961-06-15 15:26:05','abc123...'),(113,'Steven','Mayo','m','Steven113 ','enim.Suspendisse.aliquet@sitametmassa.co.uk',0,1,'1995-09-10 15:33:22','abc123...'),(114,'Gary','Larson','m','Gary114 ','Morbi@nonummyipsumnon.co.uk',1,1,'1989-09-19 09:39:09','abc123...'),(115,'Griffin','Roach','m','Griffin115 ','Morbi.vehicula.Pellentesque@egestasAliquamfringilla.com',1,1,'1961-10-07 18:22:33','abc123...'),(116,'Zahir','Campos','m','Zahir116 ','magna.et.ipsum@semperpretium.ca',0,1,'1962-06-06 22:43:20','abc123...'),(117,'Nigel','Garcia','m','Nigel117 ','elit@aarcu.ca',0,1,'1957-01-18 02:27:40','abc123...'),(118,'Joel','Hickman','m','Joel118 ','semper@posuereenim.ca',0,0,'1955-07-29 16:46:52','abc123...'),(119,'Jin','Good','m','Jin119 ','magnis.dis.parturient@Nullatemporaugue.org',0,0,'1972-04-05 19:52:29','abc123...'),(120,'Lee','Vincent','m','Lee120 ','eget.lacus@magna.net',0,0,'1970-08-15 12:55:52','abc123...'),(121,'Cole','Peck','m','Cole121 ','posuere.vulputate@estarcu.org',0,1,'1960-09-02 08:51:15','abc123...'),(122,'Gil','Sexton','m','Gil122 ','montes.nascetur.ridiculus@lacusEtiambibendum.co.uk',0,1,'1986-08-07 12:24:56','abc123...'),(123,'Damon','Rodriguez','m','Damon123 ','venenatis.lacus.Etiam@antebibendumullamcorper.org',0,0,'1971-10-18 23:03:05','abc123...'),(124,'Gil','Barr','m','Gil124 ','ut@sit.edu',0,1,'1956-10-08 20:09:36','abc123...'),(125,'Cody','Ayers','m','Cody125 ','viverra@cursuspurus.net',0,0,'1967-12-08 23:59:04','abc123...'),(126,'Jasper','Horne','m','Jasper126 ','sem.vitae@Nunc.edu',0,0,'1956-06-01 19:49:33','abc123...'),(127,'Thor','Pate','m','Thor127 ','vel@semperpretium.com',1,1,'1965-12-08 01:04:52','abc123...'),(128,'Barrett','Bond','m','Barrett128 ','Vivamus@acmieleifend.co.uk',1,0,'1954-08-24 23:27:47','abc123...'),(129,'Solomon','Rowe','m','Solomon129 ','Suspendisse@felisDonec.ca',0,1,'1973-01-15 19:26:49','abc123...'),(130,'Dante','Wyatt','m','Dante130 ','tincidunt@dolor.edu',0,1,'1983-04-27 23:48:53','abc123...'),(131,'Ignatius','Ayers','m','Ignatius131 ','Suspendisse@diamSeddiam.edu',0,1,'1963-01-21 15:22:11','abc123...'),(132,'Merritt','Guerrero','m','Merritt132 ','libero.Integer.in@nonenim.com',1,0,'1993-04-21 13:45:56','abc123...'),(133,'Akeem','Hardin','m','Akeem133 ','mi.Duis.risus@augueacipsum.ca',1,0,'1994-10-17 11:06:59','abc123...'),(134,'Abel','Cruz','m','Abel134 ','velit@magna.edu',1,1,'1975-01-02 07:29:42','abc123...'),(135,'Rafael','Hinton','m','Rafael135 ','ultricies.adipiscing.enim@lorem.com',1,1,'1972-12-07 11:16:09','abc123...'),(136,'Tanek','Carrillo','m','Tanek136 ','natoque.penatibus.et@arcuVestibulumante.org',0,1,'1969-09-25 21:49:13','abc123...'),(137,'Ahmed','Allison','m','Ahmed137 ','iaculis@elementumategestas.net',0,0,'1953-11-08 04:00:32','abc123...'),(138,'Luke','Mcgowan','m','Luke138 ','massa.lobortis.ultrices@malesuada.co.uk',1,1,'1960-03-10 02:23:53','abc123...'),(139,'Nehru','Howard','m','Nehru139 ','massa@gravidamauris.co.uk',1,1,'1960-02-04 22:38:10','abc123...'),(140,'Phillip','Mcguire','m','Phillip140 ','ligula@dolor.ca',1,1,'1951-12-20 10:41:42','abc123...'),(141,'Zane','Freeman','m','Zane141 ','facilisis.non@volutpatNulladignissim.net',1,1,'1967-04-21 21:52:29','abc123...'),(142,'Chadwick','Branch','m','Chadwick142 ','vitae.purus.gravida@mattissemper.co.uk',1,1,'1991-12-30 21:55:55','abc123...'),(143,'Ferris','Castillo','m','Ferris143 ','Fusce.aliquam@posuere.net',1,0,'1951-01-07 06:26:32','abc123...'),(144,'Channing','Morrison','m','Channing144 ','pretium.neque@dictum.org',1,0,'1969-04-19 11:48:23','abc123...'),(145,'Dillon','Ortega','m','Dillon145 ','eu.dolor.egestas@vestibulumMauris.com',0,1,'1974-10-06 14:01:16','abc123...'),(146,'Sawyer','Barnes','m','Sawyer146 ','faucibus@Namporttitor.edu',0,1,'1964-03-26 07:30:06','abc123...'),(147,'Quinlan','Bennett','m','Quinlan147 ','ornare.libero.at@facilisismagnatellus.edu',0,1,'1977-06-10 01:52:48','abc123...'),(148,'Dane','Wilkinson','m','Dane148 ','nonummy.Fusce.fermentum@Maurisvel.edu',0,0,'1957-02-15 20:54:49','abc123...'),(149,'Chancellor','Ford','m','Chancellor149 ','ornare@blanditatnisi.com',0,0,'1994-04-01 19:39:14','abc123...'),(150,'Kasimir','Morris','m','Kasimir150 ','posuere.enim@elitelitfermentum.com',0,1,'1966-08-25 04:29:55','abc123...'),(151,'Devin','Hoffman','m','Devin151 ','massa@fermentumvelmauris.co.uk',1,1,'1958-11-22 06:10:07','abc123...'),(152,'Asher','Lawson','m','Asher152 ','neque.et.nunc@idenimCurabitur.net',1,0,'1996-10-13 09:37:56','abc123...'),(153,'Kaseem','Kemp','m','Kaseem153 ','lectus.Cum.sociis@vestibulumloremsit.edu',0,1,'1958-01-05 23:47:20','abc123...'),(154,'Garrett','Burgess','m','Garrett154 ','feugiat@congueInscelerisque.ca',1,0,'1994-04-09 23:39:17','abc123...'),(155,'Todd','Rush','m','Todd155 ','nibh.enim@risusNuncac.co.uk',0,0,'1988-05-25 02:08:40','abc123...'),(156,'Lane','Bradley','m','Lane156 ','Aenean.sed@eueleifendnec.co.uk',1,0,'1964-01-09 02:15:19','abc123...'),(157,'Zahir','Mcconnell','m','Zahir157 ','dolor.Nulla@elementum.net',1,1,'1955-03-22 12:12:34','abc123...'),(158,'Harper','Harding','m','Harper158 ','mollis.Phasellus@mattis.ca',1,0,'1970-10-30 14:21:49','abc123...'),(159,'Wang','Avila','m','Wang159 ','Maecenas@portaelita.co.uk',0,0,'1988-11-23 03:08:05','abc123...'),(160,'Arsenio','Blankenship','m','Arsenio160 ','sapien.Nunc@acliberonec.co.uk',0,0,'1955-09-11 15:09:25','abc123...'),(161,'Eagan','Nash','m','Eagan161 ','facilisi.Sed@natoquepenatibus.net',0,1,'1994-03-22 11:26:38','abc123...'),(162,'Bevis','Bishop','m','Bevis162 ','Curabitur.massa.Vestibulum@egestasascelerisque.ca',1,0,'1994-07-07 13:20:28','abc123...'),(163,'Oliver','Dodson','m','Oliver163 ','elit.erat.vitae@Morbiaccumsanlaoreet.org',0,0,'1954-10-30 10:54:51','abc123...'),(164,'Hasad','Moss','m','Hasad164 ','ac.ipsum@nectellus.com',0,1,'1975-06-25 20:35:47','abc123...'),(165,'Ferdinand','Hoover','m','Ferdinand165 ','non@egetlaoreetposuere.org',0,1,'1962-08-10 18:35:44','abc123...'),(166,'Wyatt','Gonzalez','m','Wyatt166 ','elementum.lorem@non.org',1,0,'1964-08-12 21:01:29','abc123...'),(167,'Fuller','Gillespie','m','Fuller167 ','Vestibulum.accumsan@elementumlorem.co.uk',1,1,'1974-04-10 08:12:41','abc123...'),(168,'Caldwell','Macias','m','Caldwell168 ','Duis.risus@adipiscingnon.edu',0,1,'1991-08-31 13:37:55','abc123...'),(169,'Tobias','Hudson','m','Tobias169 ','odio@lobortistellusjusto.edu',0,1,'1966-04-05 02:41:39','abc123...'),(170,'Giacomo','Santiago','m','Giacomo170 ','massa.lobortis@vulputatevelit.net',0,0,'1997-08-12 00:37:52','abc123...'),(171,'Bevis','Delgado','m','Bevis171 ','mus.Aenean@tempor.org',0,0,'1963-08-11 03:05:41','abc123...'),(172,'Garrison','Hutchinson','m','Garrison172 ','lectus.convallis.est@afeugiattellus.org',1,0,'1984-05-25 18:57:29','abc123...'),(173,'Brian','Trevino','m','Brian173 ','augue@ac.net',1,1,'1984-11-28 08:22:18','abc123...'),(174,'Clayton','Terry','m','Clayton174 ','ultricies.sem@gravida.com',1,1,'1971-04-30 20:52:32','abc123...'),(175,'Theodore','Watts','m','Theodore175 ','vel.pede@Donec.com',1,1,'1966-11-06 15:04:06','abc123...'),(176,'Steven','Brown','m','Steven176 ','mollis.nec.cursus@nuncIn.co.uk',1,0,'1981-05-12 17:24:48','abc123...'),(177,'Abel','Clayton','m','Abel177 ','Curabitur.sed.tortor@Cum.ca',1,1,'1991-08-02 17:41:07','abc123...'),(178,'Nasim','Adkins','m','Nasim178 ','Donec@vestibulum.net',1,1,'1953-12-09 22:51:35','abc123...'),(179,'Ross','Mccarty','m','Ross179 ','erat.vitae@lacusUtnec.edu',0,1,'1952-03-12 13:03:26','abc123...'),(180,'Cameron','Lyons','m','Cameron180 ','sed.sapien@neceuismod.co.uk',0,1,'1975-04-18 03:40:45','abc123...'),(181,'Hayes','Mcfarland','m','Hayes181 ','Phasellus.nulla@Mauriseuturpis.com',1,1,'1958-04-25 09:06:14','abc123...'),(182,'Zeph','Wyatt','m','Zeph182 ','nunc@felisadipiscing.org',0,0,'1975-08-05 15:37:39','abc123...'),(183,'Jakeem','Collier','m','Jakeem183 ','malesuada.ut.sem@Quisqueornaretortor.edu',0,1,'1961-04-08 21:14:52','abc123...'),(184,'Griffith','Holman','m','Griffith184 ','at@Duisac.com',1,1,'1997-02-14 01:00:27','abc123...'),(185,'Howard','Hubbard','m','Howard185 ','risus.In@rhoncus.com',1,0,'1967-10-30 18:42:24','abc123...'),(186,'Alexander','Rasmussen','m','Alexander186 ','non.lorem.vitae@euarcuMorbi.co.uk',1,0,'1957-01-14 22:09:10','abc123...'),(187,'Nissim','Roy','m','Nissim187 ','blandit.viverra@antedictum.com',0,0,'1990-10-17 07:26:59','abc123...'),(188,'Dale','Haney','m','Dale188 ','a@tincidunt.net',0,1,'1968-04-02 07:04:15','abc123...'),(189,'Ferdinand','Ferguson','m','Ferdinand189 ','enim@odioa.ca',1,0,'1960-05-19 08:59:28','abc123...'),(190,'Dane','Chan','m','Dane190 ','eros.Nam.consequat@magna.org',0,0,'1958-09-14 17:56:22','abc123...'),(191,'Keefe','Haynes','m','Keefe191 ','eu.eleifend@urna.com',1,0,'1973-11-19 17:40:52','abc123...'),(192,'Kenyon','Nieves','m','Kenyon192 ','Etiam.imperdiet@dapibus.edu',0,1,'1967-04-05 09:00:50','abc123...'),(193,'Leroy','Tillman','m','Leroy193 ','ut.quam.vel@utodiovel.org',1,0,'1964-08-18 10:22:02','abc123...'),(194,'Prescott','Owens','m','Prescott194 ','In.tincidunt.congue@fermentumfermentumarcu.edu',1,0,'1973-11-29 03:53:08','abc123...'),(195,'Levi','Taylor','m','Levi195 ','fringilla.mi.lacinia@ametmetus.org',0,0,'1973-08-10 03:02:26','abc123...'),(196,'Beck','Cantrell','m','Beck196 ','et.risus.Quisque@Donecestmauris.org',1,0,'1974-06-08 05:39:12','abc123...'),(197,'Fritz','Lane','m','Fritz197 ','non.lobortis.quis@Curabiturvellectus.ca',1,1,'1983-10-21 09:44:33','abc123...'),(198,'Calvin','Roberts','m','Calvin198 ','scelerisque.scelerisque.dui@nislarcuiaculis.net',0,0,'1978-10-19 00:37:20','abc123...'),(199,'Kenyon','William','m','Kenyon199 ','turpis.In@ipsumnon.com',1,1,'1995-05-17 03:18:26','abc123...'),(200,'Nash','Bird','m','Nash200 ','vel.venenatis.vel@risusNuncac.org',0,1,'1971-04-12 08:56:39','abc123...');
/*!40000 ALTER TABLE `user` ENABLE KEYS */;
UNLOCK TABLES;

--
-- Table structure for table `useradress`
--

DROP TABLE IF EXISTS `useradress`;
/*!40101 SET @saved_cs_client     = @@character_set_client */;
/*!40101 SET character_set_client = utf8 */;
CREATE TABLE `useradress` (
  `userid` int(11) NOT NULL,
  `country` varchar(45) DEFAULT NULL,
  `state` varchar(45) DEFAULT NULL,
  `zipcode` varchar(45) DEFAULT NULL,
  `street` varchar(45) DEFAULT NULL,
  `latitude` float DEFAULT NULL,
  `longitude` float DEFAULT NULL,
  PRIMARY KEY (`userid`),
  CONSTRAINT `userFK` FOREIGN KEY (`userid`) REFERENCES `user` (`iduser`) ON DELETE NO ACTION ON UPDATE NO ACTION
) ENGINE=InnoDB DEFAULT CHARSET=utf8;
/*!40101 SET character_set_client = @saved_cs_client */;

--
-- Dumping data for table `useradress`
--

LOCK TABLES `useradress` WRITE;
/*!40000 ALTER TABLE `useradress` DISABLE KEYS */;
INSERT INTO `useradress` VALUES (1,'Canada','Nunavut','X5L 3R5','957-9235 Turpis Ave',68.4005,175.581),(2,'Canada','Newfoundland and Labrador','A3Y 4H5','2796 Dui. Rd.',47.2839,-172.513),(3,'Canada','New Brunswick','E5L 9X3','5474 Et St.',-34.2736,-100.977),(4,'Canada','Prince Edward Island','C4J 0A5','677-4504 Nisi Avenue',-74.6599,68.6334),(5,'Canada','Manitoba','R4K 6N1','864-6487 Neque Avenue',77.6168,-68.9174),(6,'Canada','Nunavut','X8W 2L3','445-8336 Cras Rd.',-14.0163,-6.84655),(7,'Canada','Northwest Territories','X9A 5L7','P.O. Box 446, 4288 Vitae Rd.',54.8002,-144.997),(8,'Canada','Saskatchewan','S5P 0L3','Ap #839-3435 Nec, Road',-69.2871,-39.6362),(9,'Canada','Quebec','J3C 4T6','P.O. Box 813, 8475 Nullam St.',47.4098,33.3169),(10,'Canada','Nunavut','X4B 2E0','P.O. Box 784, 6743 Enim, Road',38.041,-11.7141),(11,'Canada','Nova Scotia','B1L 2G1','P.O. Box 718, 8542 Fringilla Avenue',5.34406,-7.80601),(12,'Canada','Nunavut','X1H 1H4','524-3056 Pretium Av.',63.9777,-24.9461),(13,'Canada','New Brunswick','E7M 4Z3','7792 Est St.',-61.9192,-76.5885),(14,'Canada','Ontario','N0N 9V7','Ap #142-8008 Erat, St.',23.2629,-74.3268),(15,'Canada','Ontario','P3X 1K4','8448 Mus. St.',9.82452,118.905),(16,'Canada','Ontario','L1A 8P4','Ap #177-9430 Aliquam Avenue',-73.1722,45.1639),(17,'Canada','Nunavut','X2R 2B3','3377 Eu Street',-42.4357,37.0185),(18,'Canada','Nova Scotia','B0G 3K4','694-4551 Donec Rd.',69.3832,-10.3183),(19,'Canada','Alberta','T2M 7L1','P.O. Box 876, 9895 Ultrices Avenue',-7.44225,-19.375),(20,'Canada','Quebec','J7E 2Z4','P.O. Box 116, 2015 Vitae Ave',70.7238,9.06083),(21,'Canada','Newfoundland and Labrador','A6G 3Z1','3182 In St.',-59.2297,118.702),(22,'Canada','Saskatchewan','S3W 4J5','1497 Lacinia Ave',50.5759,-94.1121),(23,'Canada','Quebec','J3N 1S0','P.O. Box 342, 2694 Nunc Street',-69.3123,-73.5556),(24,'Canada','Alberta','T3S 3H6','P.O. Box 327, 4776 Massa. Rd.',-26.0515,75.6002),(25,'Canada','Newfoundland and Labrador','A3H 9Z3','1244 Nullam Ave',6.5199,49.0653),(26,'Canada','Ontario','M6J 9E4','P.O. Box 588, 186 Nullam Street',-29.7837,-110.101),(27,'Canada','Alberta','T2G 4Y4','Ap #838-8457 Consequat Rd.',-5.79075,-104.284),(28,'Canada','Yukon','Y0V 9T4','Ap #626-6252 Suspendisse Road',-70.5758,103.131),(29,'Canada','Quebec','G9W 4Y6','192-3703 Eget, Road',87.8441,-54.3909),(30,'Canada','Quebec','G9E 8J9','P.O. Box 316, 1889 Aliquam Avenue',40.77,-94.8938),(31,'Canada','Nova Scotia','B4C 0G4','998-8274 Sed, Rd.',-65.4941,-69.5402),(32,'Canada','Yukon','Y0S 8A7','P.O. Box 296, 8562 Faucibus. Avenue',24.2315,-156.059),(33,'Canada','Newfoundland and Labrador','A3W 9B6','Ap #764-5731 Montes, Av.',-80.0421,81.5611),(34,'Canada','Nova Scotia','B6J 1K6','Ap #557-2024 Ultricies Street',25.0933,146.556),(35,'Canada','Nova Scotia','B5G 4R1','Ap #313-424 Vitae St.',-24.2444,-70.3235),(36,'Canada','Yukon','Y6X 1X5','6848 Primis Avenue',-35.3947,159.47),(37,'Canada','Prince Edward Island','C9K 1J2','525-5477 Nullam Av.',-54.6711,-115.367),(38,'Canada','Manitoba','R6H 8B5','241 A Rd.',-34.4446,-24.9301),(39,'Canada','Nunavut','X1E 5T4','Ap #979-9420 Ut St.',-43.8129,-106.19),(40,'Canada','Nunavut','X0Z 4H0','Ap #641-6473 Fermentum St.',-18.753,57.3573),(41,'Canada','Manitoba','R0S 1W1','536-4924 Quam, Street',47.421,-92.1451),(42,'Canada','Northwest Territories','X5Y 0N9','P.O. Box 196, 811 Montes, St.',-88.4298,102.805),(43,'Canada','Quebec','G1G 6N6','234-8190 Est Rd.',-19.7768,34.4862),(44,'Canada','Yukon','Y8J 9P7','P.O. Box 371, 4760 Nulla St.',86.6493,-90.4252),(45,'Canada','Saskatchewan','S8G 9M1','401-2569 Lobortis St.',13.3243,98.8956),(46,'Canada','Manitoba','R3E 4N0','P.O. Box 628, 1483 Orci. St.',13.9415,-44.4564),(47,'Canada','Ontario','L0B 4W2','5608 Nulla St.',45.5239,122.545),(48,'Canada','New Brunswick','E5E 3M5','Ap #492-311 Vestibulum. Rd.',-58.5613,47.4398),(49,'Canada','Nunavut','X2W 5B3','Ap #220-1877 Lorem, Av.',37.6419,-37.72),(50,'Canada','Prince Edward Island','C5J 1W7','4314 Magna St.',-31.51,-53.0429),(51,'Canada','Northwest Territories','X0M 7Y7','P.O. Box 745, 9002 Nibh Street',56.9617,14.4464),(52,'Canada','Northwest Territories','X2A 9M0','549-8942 Dictum St.',48.0994,-29.7117),(53,'Canada','Yukon','Y7C 8P9','674-437 Vivamus Ave',38.5938,-74.4471),(54,'Canada','Alberta','T2Z 3G0','Ap #396-965 Tempus Street',60.8143,121.733),(55,'Canada','Prince Edward Island','C1E 9M5','367-4471 Sapien. Ave',0.26933,-70.0906),(56,'Canada','Manitoba','R8X 1Y1','P.O. Box 122, 4072 Praesent Road',66.0762,121.16),(57,'Canada','British Columbia','V0T 3K8','Ap #354-7593 Nec Ave',-39.0653,-57.9212),(58,'Canada','Alberta','T4V 2C9','P.O. Box 612, 866 Molestie St.',81.6152,-107.968),(59,'Canada','Yukon','Y6C 1J5','6706 Curabitur Ave',39.0169,75.983),(60,'Canada','Yukon','Y7Z 4B8','360-6719 Odio. Road',20.9013,168.765),(61,'Canada','Northwest Territories','X5K 1M4','265-5652 Nulla St.',-39.3123,-22.1226),(62,'Canada','Manitoba','R0G 0N9','643-7049 Eget Avenue',-43.3766,-146.623),(63,'Canada','Prince Edward Island','C9Y 3R1','3829 Dolor St.',-25.0242,-100.912),(64,'Canada','Prince Edward Island','C4V 1W3','495 Lacus. St.',32.9458,137.979),(65,'Canada','Nova Scotia','B7G 1M5','747 Massa Street',15.9674,40.3357),(66,'Canada','Quebec','J7R 5E6','4618 Lorem Road',34.8206,118.145),(67,'Canada','Nunavut','X0Y 3H9','682-7235 Lorem. Street',3.29092,134.667),(68,'Canada','Nunavut','X5K 4R4','P.O. Box 616, 7225 Posuere, Rd.',-70.1583,-105.35),(69,'Canada','Saskatchewan','S7N 7M0','4642 Eu, Rd.',36.6916,-33.4787),(70,'Canada','Quebec','H8T 4J2','973-1604 Ac, Rd.',-5.23933,-132.573),(71,'Canada','Manitoba','R5C 5P4','P.O. Box 366, 3219 Eget, Road',-69.911,4.39318),(72,'Canada','Prince Edward Island','C9K 1C9','3919 Elit. Av.',-72.9263,-179.935),(73,'Canada','Quebec','G2P 4M0','Ap #482-7305 Vitae St.',56.8425,-113.044),(74,'Canada','Alberta','T0B 1J2','6565 Metus. Road',-65.9362,71.1304),(75,'Canada','British Columbia','V8E 1A5','Ap #756-8713 Sed Av.',-5.62728,124.719),(76,'Canada','Northwest Territories','X0Y 7R3','Ap #716-4702 Sed Street',23.3627,85.0031),(77,'Canada','British Columbia','V0A 5Z1','P.O. Box 156, 9212 Mauris Rd.',43.6278,-9.00296),(78,'Canada','Prince Edward Island','C5S 0J5','1869 Phasellus St.',19.3369,174.355),(79,'Canada','Alberta','T7Z 3E1','Ap #608-2142 Nostra, Rd.',-62.9373,121.061),(80,'Canada','Northwest Territories','X9A 7Y6','P.O. Box 367, 1630 Dui. Av.',-51.8897,-35.7541),(81,'Canada','Newfoundland and Labrador','A3M 4S7','684-1346 Rutrum. Av.',75.1788,150.563),(82,'Canada','Alberta','T4Z 0A2','810-8556 Vestibulum St.',-36.3341,53.9824),(83,'Canada','Nunavut','X6R 3Z1','P.O. Box 994, 268 Donec Road',39.2129,-148.677),(84,'Canada','Newfoundland and Labrador','A7R 0Y0','P.O. Box 263, 2542 Commodo Av.',78.1186,-175.705),(85,'Canada','Northwest Territories','X6H 7S1','Ap #415-3194 Augue Street',-44.5635,179.588),(86,'Canada','Nunavut','X0N 5K2','269-1262 Facilisis Rd.',59.0676,159.515),(87,'Canada','British Columbia','V6V 9X8','P.O. Box 514, 7005 Nulla. Street',51.5722,-172.985),(88,'Canada','Manitoba','R9G 3Y3','8902 Elit. Avenue',17.4907,-113.426),(89,'Canada','Nova Scotia','B4X 4A0','292-6264 Neque. Rd.',-36.0706,-55.8287),(90,'Canada','British Columbia','V9A 1J1','Ap #744-8990 Dapibus Road',-2.52758,-32.9657),(91,'Canada','Northwest Territories','X9V 8R3','302-6550 Praesent St.',-10.8595,-70.1504),(92,'Canada','Nunavut','X0V 7X9','7724 Dapibus Street',-78.7567,-166.568),(93,'Canada','Nova Scotia','B6Y 9J0','P.O. Box 592, 6212 Velit St.',-62.5066,33.2785),(94,'Canada','Prince Edward Island','C4W 1Z2','954-1014 Mus. Ave',-58.7993,-139.695),(95,'Canada','Ontario','K2J 1K8','120-6875 Ultrices Rd.',-78.7202,-165.918),(96,'Canada','Quebec','H6T 4C3','Ap #257-5607 Metus Av.',-74.5301,108.148),(97,'Canada','Northwest Territories','X5N 0C8','P.O. Box 914, 2544 Neque St.',31.7547,-10.3966),(98,'Canada','Ontario','N5A 8S0','Ap #529-6816 Congue Rd.',-12.3095,-3.72052),(99,'Canada','Nunavut','X9X 3L8','222 Turpis St.',-44.9868,-109.363),(100,'Canada','Alberta','T4C 4V0','4272 Ornare. St.',-0.98598,45.3824),(101,'Canada','Yukon','Y2N 1J0','528-8949 Metus Ave',-18.634,-72.5387),(102,'Canada','Ontario','K1G 2C0','Ap #882-7934 Mauris. Rd.',50.5764,114.096),(103,'Canada','Prince Edward Island','C0J 8E3','Ap #165-1369 Ante Street',-21.9444,-160.283),(104,'Canada','Prince Edward Island','C8P 2A9','5762 Justo St.',-4.62469,118.627),(105,'Canada','Quebec','J0A 8N7','325-1991 Sem Street',-53.0522,22.9026),(106,'Canada','British Columbia','V1X 3A8','P.O. Box 401, 5852 Facilisis Rd.',71.9879,126.312),(107,'Canada','Yukon','Y6X 7S0','248-5959 Lacinia Rd.',-13.6956,48.0891),(108,'Canada','Ontario','N7B 3A7','P.O. Box 588, 3349 Turpis St.',44.1423,-56.1461),(109,'Canada','Saskatchewan','S5P 5X4','P.O. Box 725, 2225 Mauris Ave',36.7229,-17.4648),(110,'Canada','Ontario','P9Y 6E1','8392 Purus Avenue',46.4152,-102.711),(111,'Canada','Nunavut','X3R 8H9','P.O. Box 967, 5283 Vivamus St.',-17.9974,176.21),(112,'Canada','Manitoba','R5C 9L4','Ap #948-6435 Arcu Rd.',58.3296,75.1137),(113,'Canada','Yukon','Y0C 3A7','P.O. Box 791, 5153 Consectetuer Rd.',-36.6215,176.244),(114,'Canada','Northwest Territories','X5H 7A7','P.O. Box 681, 3731 Erat, Rd.',43.3691,-167.185),(115,'Canada','Nova Scotia','B7K 2Z0','917-2358 Fames Avenue',-2.41149,16.8088),(116,'Canada','Ontario','K7H 4H5','7088 Ornare, Road',34.721,-59.9183),(117,'Canada','Ontario','P2J 9Z2','6071 In, Road',54.4113,-63.7075),(118,'Canada','Northwest Territories','X2K 8K6','392-200 Eget, Ave',-16.3347,-102.426),(119,'Canada','Manitoba','R8V 2L4','Ap #265-8664 Vitae Rd.',86.8703,27.2101),(120,'Canada','New Brunswick','E7G 3E9','6347 Mauris Ave',-1.083,2.73726),(121,'Canada','Quebec','G4J 6B2','759-2142 Ridiculus Ave',17.2466,128.515),(122,'Canada','British Columbia','V6L 3S6','P.O. Box 867, 8372 Aliquam Street',-88.6305,121.938),(123,'Canada','Manitoba','R3B 0Z4','P.O. Box 138, 7484 Ullamcorper, Street',-7.80632,170.268),(124,'Canada','Ontario','K3J 1M9','229 Conubia St.',-61.4716,83.6103),(125,'Canada','British Columbia','V5E 9H5','P.O. Box 641, 9590 Et, St.',48.3958,129.276),(126,'Canada','Quebec','J7J 5R4','P.O. Box 153, 6706 Elit, Rd.',-51.1606,-10.5216),(127,'Canada','British Columbia','V5E 3N4','Ap #208-7310 Cras Road',-47.1432,100.835),(128,'Canada','Yukon','Y3S 2A0','Ap #250-9981 Et Rd.',-53.6158,-29.6093),(129,'Canada','Newfoundland and Labrador','A7V 1A2','P.O. Box 611, 4848 Lacus. Av.',19.8566,-116.707),(130,'Canada','Nova Scotia','B5S 3L6','6560 Feugiat. Rd.',-63.1728,-119.071),(131,'Canada','Ontario','L3P 3Z5','Ap #959-8112 Quis Ave',27.6807,-1.90199),(132,'Canada','Nunavut','X6S 0V0','7282 Et St.',-77.7285,-155.912),(133,'Canada','Newfoundland and Labrador','A9P 4T0','1640 Luctus, Ave',61.4145,-21.4796),(134,'Canada','Saskatchewan','S8V 7E9','P.O. Box 939, 8831 Elit. St.',-81.5881,91.3463),(135,'Canada','New Brunswick','E2W 7B8','Ap #450-5199 Sit Av.',-17.1518,-141.803),(136,'Canada','Quebec','H8T 6E1','9158 Ut Rd.',-22.5439,165.081),(137,'Canada','New Brunswick','E0E 3H4','P.O. Box 735, 9885 Nibh Avenue',-18.2009,50.6236),(138,'Canada','Quebec','J4N 3X3','885-2922 Feugiat St.',-85.1946,109.646),(139,'Canada','Nunavut','X8V 8T9','P.O. Box 548, 8177 Dapibus Av.',53.0615,52.9634),(140,'Canada','Manitoba','R9W 4B6','7547 Eleifend Rd.',47.0093,-59.4329),(141,'Canada','Saskatchewan','S9Z 6B2','Ap #592-7689 Aliquet Avenue',30.414,-141.979),(142,'Canada','Quebec','G7J 9N8','1588 Quis St.',-31.0125,-117.864),(143,'Canada','Newfoundland and Labrador','A6B 1A8','P.O. Box 486, 1479 Ipsum Av.',17.121,-87.0713),(144,'Canada','Yukon','Y0K 7E0','Ap #276-4695 Mauris. St.',-63.5503,121.269),(145,'Canada','Alberta','T0Y 7W0','P.O. Box 180, 7790 Ullamcorper, St.',36.8651,115.566),(146,'Canada','Nunavut','X2C 4S7','P.O. Box 803, 8283 Pellentesque St.',-39.0688,160.54),(147,'Canada','British Columbia','V5J 1C7','488-7131 Felis, Rd.',-34.5416,-43.8269),(148,'Canada','Manitoba','R1N 8H8','787-5574 Eu St.',78.4288,68.4853),(149,'Canada','Ontario','P3J 6P7','Ap #326-2644 Cursus Avenue',-64.8616,-165.007),(150,'Canada','Prince Edward Island','C0V 3N4','3056 Mi. Ave',20.115,145.582),(151,'Canada','Nunavut','X0C 4W6','654-7451 Lectus Av.',6.57976,-8.402),(152,'Canada','Prince Edward Island','C9N 6K7','P.O. Box 198, 9108 Sed St.',69.1973,46.5995),(153,'Canada','Prince Edward Island','C4B 0H3','9288 Ligula. Road',-26.2459,-143.544),(154,'Canada','British Columbia','V7M 5X0','P.O. Box 987, 719 Phasellus Street',-10.0011,23.7217),(155,'Canada','Nunavut','X4A 3E9','P.O. Box 354, 8695 Id Rd.',-0.04067,144.621),(156,'Canada','Nunavut','X8C 2L7','Ap #395-1313 Nibh. St.',-63.6297,135.816),(157,'Canada','Nunavut','X9R 5J5','9301 Luctus St.',1.62596,44.1004),(158,'Canada','New Brunswick','E9L 7S1','Ap #252-3811 Sit St.',-27.4388,90.237),(159,'Canada','Northwest Territories','X3G 2E7','Ap #692-5433 Scelerisque Rd.',33.7711,-91.8765),(160,'Canada','Ontario','M9P 5M3','Ap #117-9881 Sit Road',39.8873,-86.5885),(161,'Canada','Alberta','T9N 9P8','5474 Massa Road',11.283,-133.417),(162,'Canada','Saskatchewan','S7P 1T4','463-9949 Fringilla Av.',4.57835,-81.9795),(163,'Canada','British Columbia','V1Y 4R1','444-4352 Sodales Rd.',38.3991,59.3334),(164,'Canada','Prince Edward Island','C3W 6R7','Ap #133-3323 Consequat Rd.',17.2284,55.1592),(165,'Canada','Nunavut','X0E 8H5','P.O. Box 832, 1534 Sed St.',-88.8681,146.254),(166,'Canada','Nova Scotia','B4P 8H6','Ap #814-184 Neque. Road',12.3543,-91.9943),(167,'Canada','Alberta','T0G 6M5','357-4989 Purus St.',-44.8113,-68.0091),(168,'Canada','Ontario','K2Y 8V3','8895 Eu Road',40.4583,-109.641),(169,'Canada','Northwest Territories','X4T 6V2','Ap #581-5543 Consectetuer Road',37.6875,161.341),(170,'Canada','British Columbia','V3M 4G2','9157 Donec Avenue',-12.0915,-113.312),(171,'Canada','Nunavut','X1G 8V9','9647 Magna Rd.',87.5536,2.53556),(172,'Canada','Alberta','T7E 8B4','Ap #979-2596 Congue. Av.',-16.34,-168.811),(173,'Canada','Newfoundland and Labrador','A7P 2G1','Ap #973-5733 Nec Av.',5.303,52.2737),(174,'Canada','Newfoundland and Labrador','A2V 7V8','3275 Torquent St.',31.7876,24.698),(175,'Canada','Quebec','H9V 9Z2','P.O. Box 789, 5144 Lorem Street',-87.6413,-48.5162),(176,'Canada','Newfoundland and Labrador','A4A 6N6','P.O. Box 637, 7882 Est, Av.',-39.3105,28.9878),(177,'Canada','Yukon','Y9G 8R5','309-8549 Rhoncus. Street',-28.4538,-29.9163),(178,'Canada','Alberta','T0M 7E0','6107 Purus Street',-55.1092,-20.38),(179,'Canada','Newfoundland and Labrador','A9R 3C7','120-835 Cum St.',87.7632,-16.357),(180,'Canada','New Brunswick','E5W 8E2','931-7101 Nec St.',12.3936,-142.005),(181,'Canada','Alberta','T9V 9L1','P.O. Box 667, 9957 Nec Rd.',-44.8452,0.32701),(182,'Canada','Newfoundland and Labrador','A1N 9J4','2980 Tellus Av.',-70.0726,-71.6255),(183,'Canada','Alberta','T9N 6Z8','488-2448 Consectetuer Avenue',-16.9849,109.471),(184,'Canada','Alberta','T0S 5W1','4238 Facilisis St.',-44.826,-58.4764),(185,'Canada','Prince Edward Island','C4M 2M2','2922 Lacus. Road',43.8179,5.11792),(186,'Canada','New Brunswick','E1W 8V1','266-8855 Mauris Av.',66.9507,75.2904),(187,'Canada','Ontario','K2X 8N7','P.O. Box 539, 5920 Ut, St.',32.834,-26.6963),(188,'Canada','Yukon','Y8N 1S9','P.O. Box 432, 9517 Auctor Road',24.778,-152.817),(189,'Canada','British Columbia','V6P 1S8','432-3288 Cras St.',39.7706,34.7944),(190,'Canada','Alberta','T7P 8E8','P.O. Box 559, 1386 Magna. Rd.',-3.93424,-126.41),(191,'Canada','Northwest Territories','X7M 9M3','Ap #289-473 Nonummy Road',72.9757,28.2054),(192,'Canada','New Brunswick','E6W 0B2','1322 Dolor Street',-31.9383,143.648),(193,'Canada','Alberta','T1N 2L9','Ap #539-6699 A Road',-75.9535,-177.051),(194,'Canada','Yukon','Y0S 6H9','P.O. Box 671, 4737 A, St.',41.2206,-54.081),(195,'Canada','Prince Edward Island','C9J 8L6','423-2097 Adipiscing Rd.',-52.4924,17.8479),(196,'Canada','Saskatchewan','S7J 5T2','5385 Aenean Ave',-27.8121,4.47871),(197,'Canada','Quebec','H3T 3B5','388-772 A Rd.',-87.8402,-147.199),(198,'Canada','Northwest Territories','X6Z 7C0','P.O. Box 814, 638 Cras St.',-63.8533,-90.7842),(199,'Canada','New Brunswick','E9Z 9K1','P.O. Box 657, 5326 Lectus St.',-65.4139,-143.032),(200,'Canada','Saskatchewan','S3L 4V0','Ap #972-7507 Ultricies Avenue',-47.8333,131.201);
/*!40000 ALTER TABLE `useradress` ENABLE KEYS */;
UNLOCK TABLES;

--
-- Table structure for table `userinfo`
--

DROP TABLE IF EXISTS `userinfo`;
/*!40101 SET @saved_cs_client     = @@character_set_client */;
/*!40101 SET character_set_client = utf8 */;
CREATE TABLE `userinfo` (
  `userid` int(11) NOT NULL,
  `eyecolor` varchar(45) DEFAULT NULL,
  `haircolor` varchar(45) DEFAULT NULL,
  `size` varchar(45) DEFAULT NULL,
  `weight` varchar(45) DEFAULT NULL,
  `nationality` varchar(45) DEFAULT NULL,
  `drugs` int(11) DEFAULT NULL,
  `tobacco` int(11) DEFAULT NULL,
  `alcohol` int(11) DEFAULT NULL,
  PRIMARY KEY (`userid`),
  CONSTRAINT `useridFFK` FOREIGN KEY (`userid`) REFERENCES `user` (`iduser`) ON DELETE NO ACTION ON UPDATE NO ACTION
) ENGINE=InnoDB DEFAULT CHARSET=utf8;
/*!40101 SET character_set_client = @saved_cs_client */;

--
-- Dumping data for table `userinfo`
--

LOCK TABLES `userinfo` WRITE;
/*!40000 ALTER TABLE `userinfo` DISABLE KEYS */;
INSERT INTO `userinfo` VALUES (1,'Marron','Noir','1.8955346419975','81.718022801954','Africaine',0,1,1),(2,'Marron','Noir','1.8431806531542','77.574555037416','Africaine',0,0,0),(3,'Marron','Noir','1.7411042463825','89.264097188552','Europeene',0,0,0),(4,'Marron','Chauve','1.7293503382677','77.258126401123','Europeene',0,0,0),(5,'Marron','Noir','1.8174659500584','77.343452024165','Europeene',1,1,0),(6,'Marron','Chauve','1.7752646332695','77.801699006679','Europeene',0,1,0),(7,'Marron','Chauve','1.742748499755','87.486965635022','Europeene',1,1,0),(8,'Marron','Chauve','1.8556962518145','77.619704041758','Europeene',0,1,0),(9,'Marron','Chauve','1.7570867172069','73.564667635905','Europeene',1,0,0),(10,'Marron','Chauve','1.8619411488701','83.826657040403','Europeene',1,0,1),(11,'Marron','Chauve','1.8704796259029','72.416769314487','Europeene',1,1,1),(12,'Marron','Chauve','1.9322084621741','70.003892168166','Europeene',1,0,0),(13,'Bleu','blanc','1.8075692750024','82.599843355739','Africaine',1,1,0),(14,'brun','Chauve','1.7713927359454','73.777510570111','Europeene',1,1,0),(15,'bleu','Chauve','1.6965647355649','85.164843074776','Europeene',0,1,1),(16,'brun','blanc','1.8548547785936','68.11538187859','Europeene',1,1,0),(17,'vert','brun','1.8712553469867','81.772556563055','Europeene',0,0,1),(18,'bleu','chtain','1.7099444779467','70.260508618366','Arabe',0,1,0),(19,'bleu','gris','1.8040084236619','82.567920024835','Arabe',1,1,0),(20,'vert','blond','1.8208882902231','69.453069882317','Sud Amerique',1,0,0),(21,'vert','brun','1.7943187381573','75.556334730631','Europeene',1,1,0),(22,'vert','blanc','1.7682666412221','75.320077536382','Europeene',0,1,0),(23,'brun','noir','1.8520926324236','82.911414810177','Europeene',0,1,0),(24,'vert','gris','1.8180968229142','76.347199536937','Europeene',1,1,1),(25,'bleu','brun','1.7443995001044','72.305648881428','Europeene',1,0,0),(26,'brun','blanc','1.7748341140347','90.523134976253','Europeene',1,0,1),(27,'vert','noir','1.8226999973813','71.706460394777','Europeene',0,1,0),(28,'bleu','blond','1.8279900279799','81.756629608366','Europeene',0,0,0),(29,'vert','chtain','1.8140519849094','78.480436031463','Arabe',1,1,1),(30,'vert','auburn','1.8049231030973','77.717500804305','Europeene',1,0,1),(31,'brun','roux','1.7749340551819','73.958745571202','Europeene',0,0,1),(32,'vert','brun','1.8010962902183','80.558786545568','Europeene',0,1,1),(33,'vert','blond','1.7527102179376','78.190292570887','Europeene',1,0,1),(34,'bleu','noir','1.7869638085109','78.976733707599','Europeene',1,0,1),(35,'brun','brun','1.7226124004308','75.362964367406','Europeene',0,1,1),(36,'vert','gris','1.7367880464018','76.14895233596','Europeene',0,0,0),(37,'bleu','chtain','1.660041002725','77.62360218963','Europeene',1,0,0),(38,'brun','noir','1.8204281772543','70.182350233686','Europeene',0,1,0),(39,'brun','chtain','1.773546910173','76.602907974263','Europeene',0,0,1),(40,'brun','brun','1.8289457058194','93.177479228067','Europeene',1,1,0),(41,'bleu','gris','1.7520944641746','68.095084046576','Europeene',1,0,0),(42,'vert','blond','1.8014825094296','85.299248468695','Europeene',1,0,1),(43,'bleu','chtain','1.8600133730485','71.363321476143','Europeene',1,1,0),(44,'vert','gris','1.7730818863084','83.100977941413','Europeene',0,0,0),(45,'brun','gris','1.80997912403','85.939365688153','Europeene',0,1,0),(46,'brun','gris','1.7899097626475','78.359759312127','Europeene',1,1,0),(47,'vert','brun','1.7153045285898','83.040259256769','Europeene',0,0,1),(48,'vert','auburn','1.7068820738256','89.309563269529','Europeene',1,0,0),(49,'brun','blond','1.7077673174083','73.445440832584','Europeene',1,1,0),(50,'bleu','brun','1.8970581779635','80.550073140856','Europeene',0,0,0),(51,'bleu','blanc','1.8396382590041','82.080350029555','Europeene',0,1,0),(52,'bleu','chtain','1.8263684849945','80.789784903238','Europeene',1,1,0),(53,'brun','brun','1.7745643245164','78.838655883582','Europeene',1,0,0),(54,'bleu','blond','1.8709340567542','92.663202853729','Europeene',0,0,0),(55,'vert','blanc','1.814278062763','84.062143988022','Europeene',0,1,1),(56,'bleu','gris','1.8114484769263','79.024284266042','Sud Amerique',0,1,0),(57,'bleu','brun','1.7429462175885','78.018767797482','Europeene',0,0,0),(58,'brun','gris','1.8957940418402','69.717007380305','Europeene',1,0,0),(59,'brun','blanc','1.7781588417132','70.181101357976','Europeene',0,1,0),(60,'bleu','auburn','1.7663266835','88.756842252835','Europeene',1,0,0),(61,'brun','brun','1.7375730694102','86.357997523979','Sud Amerique',0,0,0),(62,'bleu','chtain','1.804963581223','77.09511332826','Europeene',1,0,0),(63,'bleu','chtain','1.811117343774','82.14250364446','Europeene',0,0,0),(64,'vert','brun','1.8272041056498','80.515556574213','Europeene',0,0,0),(65,'vert','brun','1.8017833778936','90.258202384143','Arabe',0,0,1),(66,'vert','auburn','1.7907890824048','86.427917291489','Europeene',1,1,1),(67,'vert','gris','1.7716467648582','72.00112797074','Europeene',0,1,0),(68,'brun','auburn','1.7427954386869','90.686824075923','Europeene',1,0,1),(69,'brun','roux','1.8554945855461','74.323435751157','Europeene',0,0,1),(70,'brun','chtain','1.7079602045843','75.339741011138','Europeene',0,1,1),(71,'vert','roux','1.8512057103441','81.843847665209','Arabe',0,0,0),(72,'bleu','gris','1.7941032199821','73.96239322163','Europeene',1,1,0),(73,'vert','blond','1.7974665951835','84.42263081034','Europeene',1,1,0),(74,'vert','auburn','1.8652988892202','83.781114550805','Europeene',1,0,1),(75,'bleu','brun','1.7836091893186','85.859210546113','Europeene',1,0,1),(76,'bleu','chtain','1.9101115847186','77.608118262841','Europeene',0,1,0),(77,'brun','blond','1.8120961887571','79.189054593221','Europeene',0,1,1),(78,'brun','blanc','1.8473774050158','87.463333819343','Europeene',1,1,1),(79,'brun','auburn','1.7122788931592','66.08147027685','Sud Amerique',1,1,1),(80,'vert','gris','1.8557252042353','82.563564007349','Europeene',1,0,1),(81,'vert','chtain','1.7653972923568','82.203947728242','Europeene',0,0,0),(82,'bleu','brun','1.8565093257148','85.71409611585','Europeene',1,0,1),(83,'bleu','noir','1.8588471881278','80.558293397247','Europeene',1,0,0),(84,'brun','gris','1.8177472729549','80.467980471587','Europeene',0,1,0),(85,'vert','noir','1.8188724909848','78.442462461978','Europeene',0,0,0),(86,'bleu','noir','1.7567894413164','78.342339961437','Europeene',0,0,0),(87,'vert','roux','1.7896011164868','81.272364399291','Europeene',1,1,0),(88,'vert','roux','1.9017507043179','85.344406517177','Europeene',1,1,0),(89,'bleu','auburn','1.8723870883927','70.915907567487','Europeene',0,1,0),(90,'brun','chtain','1.8726260329425','86.206000550294','Sud Amerique',1,1,1),(91,'brun','roux','1.8040356197055','66.016802511507','Europeene',0,1,0),(92,'vert','roux','1.8597203473462','67.877196324109','Europeene',1,0,0),(93,'brun','chtain','1.7548429493091','81.718787110989','Africaine',1,0,1),(94,'bleu','auburn','1.8473812432839','85.830568887437','Africaine',0,1,0),(95,'bleu','chtain','1.7334568227972','77.415103189438','Europeene',1,1,1),(96,'vert','gris','1.8252961645538','75.469408046621','Europeene',0,1,1),(97,'bleu','auburn','1.7090356942316','87.468065486385','Europeene',0,1,1),(98,'vert','gris','1.8457073607099','83.022552440889','Europeene',0,0,0),(99,'brun','brun','1.7615600269344','78.568671943554','Europeene',0,0,0),(100,'brun','gris','1.7408704301438','81.238919536252','Europeene',1,1,1),(101,'vert','roux','1.812549281548','86.481878217004','Europeene',0,0,1),(102,'bleu','gris','1.8253908859875','81.843952315627','Europeene',1,0,1),(103,'bleu','noir','1.8468259262908','74.356016345854','Europeene',0,1,1),(104,'bleu','blond','1.8734759730793','87.718620252391','Europeene',1,1,1),(105,'bleu','gris','1.8303268540951','72.408016007422','Europeene',0,0,0),(106,'vert','blond','1.8227172558173','84.694274242176','Europeene',1,1,1),(107,'brun','brun','1.7523590684165','78.850173826067','Europeene',0,1,0),(108,'vert','blond','1.7859431579007','75.90921682376','Europeene',0,1,1),(109,'vert','brun','1.7629183964791','70.621046576779','Europeene',0,1,1),(110,'brun','noir','1.8579558237537','77.979443078158','Europeene',0,1,0),(111,'brun','auburn','1.7773543830264','77.495384542054','Europeene',0,1,1),(112,'bleu','auburn','1.8159753220729','84.398980809712','Europeene',1,0,1),(113,'brun','blanc','1.8458794756034','81.010231875277','Africaine',0,0,1),(114,'bleu','brun','1.7494940338745','88.140491217351','Africaine',1,0,1),(115,'brun','blond','1.8090099825907','75.782001683846','Africaine',1,0,0),(116,'vert','roux','1.7760370612443','78.212531768951','Europeene',1,0,1),(117,'vert','noir','1.7156551149463','84.315885448121','Europeene',0,1,1),(118,'brun','blanc','1.8606918657729','86.1451289226','Europeene',1,1,1),(119,'bleu','brun','1.7769593433426','77.423160542466','Europeene',0,1,0),(120,'bleu','blanc','1.8147040740296','82.981501994186','Europeene',0,0,1),(121,'vert','chtain','1.787574213135','89.358174537065','Europeene',0,0,1),(122,'vert','blond','1.7948741752695','74.572679316135','Europeene',1,0,1),(123,'bleu','blond','1.7269922698416','81.546377004347','Europeene',1,1,0),(124,'bleu','chtain','1.8323349432853','81.19285186108','Europeene',1,0,1),(125,'brun','blond','1.7693534213066','89.136107313316','Europeene',0,0,0),(126,'bleu','auburn','1.8400313934987','84.206745058993','Europeene',0,1,0),(127,'brun','roux','1.7760340589348','75.674865395038','Europeene',0,1,1),(128,'vert','gris','1.7245498618612','84.088502080666','Europeene',1,1,0),(129,'vert','chtain','1.8744444602743','80.100537257707','Europeene',0,0,0),(130,'bleu','noir','1.7592019830476','88.424206434479','Europeene',1,1,0),(131,'brun','noir','1.7671398914043','83.308238284674','Europeene',0,1,1),(132,'brun','blanc','1.8890724124198','79.342262997944','Africaine',0,1,1),(133,'brun','brun','1.8269641009841','81.361315277905','Europeene',1,0,0),(134,'bleu','roux','1.7922913236372','94.444388357323','Europeene',0,1,0),(135,'brun','roux','1.7984936597753','62.5824265582','Europeene',0,0,1),(136,'brun','noir','1.7394074266868','84.974286443758','Europeene',0,0,1),(137,'bleu','brun','1.7780003655413','74.884242192789','Arabe',0,0,0),(138,'bleu','noir','1.7926562163245','87.298947759357','Arabe',1,1,1),(139,'vert','roux','1.7362541702578','85.843670524726','Europeene',1,1,0),(140,'brun','auburn','1.8018476066793','85.767668797911','Europeene',1,0,0),(141,'vert','blond','1.7763082043293','87.068985191259','Europeene',1,0,0),(142,'brun','blanc','1.8392614833475','77.033623435892','Europeene',1,0,0),(143,'vert','chtain','1.6755006498901','78.445076608191','Europeene',1,1,0),(144,'brun','brun','1.8033556811507','88.515289113441','Europeene',0,1,0),(145,'bleu','blond','1.8274109213819','74.839762638284','Europeene',0,0,1),(146,'vert','roux','1.8987586228303','83.976050898381','Europeene',1,1,0),(147,'vert','blanc','1.7392662756307','75.531974613962','Europeene',1,0,0),(148,'bleu','auburn','1.8889276808413','82.814720261322','Europeene',1,0,1),(149,'bleu','auburn','1.8033524894725','82.268577651228','Europeene',1,1,0),(150,'brun','blanc','1.8247629585105','79.539500363239','Europeene',0,1,0),(151,'brun','noir','1.7584431472987','76.773388080665','Europeene',0,0,1),(152,'brun','chtain','1.7555985181563','84.942900614353','Europeene',0,1,1),(153,'brun','blond','1.7109637325334','77.455417689008','Europeene',1,1,1),(154,'brun','blond','1.7699217330246','67.866729826045','Europeene',0,1,1),(155,'vert','gris','1.7643357292794','73.993256376528','Europeene',0,1,1),(156,'bleu','brun','1.8138095192512','74.397890510072','Europeene',0,0,0),(157,'vert','brun','1.8213388733972','74.927578787382','Arabe',1,1,1),(158,'brun','roux','1.7381930750915','79.208529698186','Europeene',0,1,0),(159,'bleu','gris','1.8611026317052','84.747750760568','Europeene',1,1,0),(160,'vert','auburn','1.8459873249873','92.320656274781','Europeene',0,0,0),(161,'vert','chtain','1.8486094484276','78.857649270275','Europeene',0,1,0),(162,'vert','blond','1.7748359533098','92.616983777696','Europeene',1,1,1),(163,'bleu','chtain','1.7717961544596','71.6561479092','Europeene',1,1,0),(164,'bleu','chtain','1.752293089221','85.322474422865','Europeene',1,1,0),(165,'brun','blanc','1.7794698673042','77.069201255295','Sud Amerique',0,0,1),(166,'vert','auburn','1.7975174902033','72.943965892433','Europeene',1,1,1),(167,'vert','gris','1.7581136801729','78.44870513372','Sud Amerique',1,1,0),(168,'bleu','blond','1.8137506518135','78.760394834854','Sud Amerique',1,0,0),(169,'brun','auburn','1.7607891137391','77.111094705984','Sud Amerique',0,1,1),(170,'vert','blanc','1.7831883293765','80.125709463298','Sud Amerique',0,0,0),(171,'bleu','roux','1.7625077927182','79.643814245303','Europeene',0,1,1),(172,'bleu','gris','1.8195023599861','83.795805346825','Europeene',1,1,1),(173,'vert','blond','1.7925377925725','83.790824254114','Europeene',1,1,0),(174,'bleu','gris','1.7365058678235','86.168295167909','Arabe',1,0,0),(175,'brun','blanc','1.811463020822','82.2433255954','Sud Amerique',0,1,0),(176,'brun','noir','1.8140959754708','74.030504227054','Europeene',1,0,1),(177,'bleu','brun','1.7921619777614','83.035903961761','Europeene',0,1,1),(178,'bleu','roux','1.7360892941332','74.593406718587','Europeene',1,1,0),(179,'vert','gris','1.8116330409126','64.608298690178','Europeene',0,0,1),(180,'vert','noir','1.8446507787056','74.430110619785','Europeene',1,0,0),(181,'vert','gris','1.7327714628327','80.930621802766','Europeene',1,1,0),(182,'vert','auburn','1.7933008574012','76.836879769288','Europeene',1,0,1),(183,'brun','brun','1.8072624398736','78.498064031124','Europeene',0,1,0),(184,'bleu','gris','1.7051941653529','88.42627717218','Europeene',1,1,1),(185,'bleu','chtain','1.696087992276','84.283534662899','Europeene',1,1,0),(186,'bleu','auburn','1.8345885268265','73.960357752108','Europeene',1,0,0),(187,'bleu','blanc','1.7263803668306','76.884575365923','Europeene',1,0,0),(188,'brun','blond','1.8448267489424','83.468635388543','Europeene',0,0,0),(189,'vert','brun','1.8303590125522','87.921880297267','Europeene',0,0,0),(190,'brun','gris','1.7894450622838','79.021716415179','Europeene',1,1,1),(191,'vert','roux','1.7611394219302','75.804549210455','Europeene',0,1,1),(192,'vert','auburn','1.8217205448103','87.428659414057','Europeene',0,0,0),(193,'vert','roux','1.7630895818377','86.355710000478','Europeene',0,0,0),(194,'vert','gris','1.8423887093872','67.916972148944','Europeene',1,0,1),(195,'bleu','brun','1.8629648052228','75.171405248843','Europeene',0,1,1),(196,'bleu','noir','1.8023454240404','76.987786616537','Europeene',1,0,0),(197,'vert','auburn','1.8579477582458','69.233916396695','Europeene',0,0,0),(198,'brun','roux','1.7404719641592','84.771422927365','Europeene',0,0,1),(199,'bleu','brun','1.7383852007678','84.92139278897','Europeene',1,0,0),(200,'brun','brun','1.7977200600223','80.319639236765','Europeene',1,1,1);
/*!40000 ALTER TABLE `userinfo` ENABLE KEYS */;
UNLOCK TABLES;

--
-- Table structure for table `wink`
--

DROP TABLE IF EXISTS `wink`;
/*!40101 SET @saved_cs_client     = @@character_set_client */;
/*!40101 SET character_set_client = utf8 */;
CREATE TABLE `wink` (
  `id` int(11) NOT NULL AUTO_INCREMENT,
  `idfrom` int(11) DEFAULT NULL,
  `idto` int(11) DEFAULT NULL,
  `date` datetime DEFAULT NULL,
  PRIMARY KEY (`id`),
  KEY `idfrom_idx` (`idfrom`),
  KEY `idto_idx` (`idto`)
) ENGINE=InnoDB AUTO_INCREMENT=14 DEFAULT CHARSET=utf8;
/*!40101 SET character_set_client = @saved_cs_client */;

--
-- Dumping data for table `wink`
--

LOCK TABLES `wink` WRITE;
/*!40000 ALTER TABLE `wink` DISABLE KEYS */;
INSERT INTO `wink` VALUES (1,1,3,NULL),(2,1,3,NULL),(3,1,2,NULL),(4,1,3,NULL),(5,1,5,NULL),(6,2,1,NULL),(7,2,1,NULL),(8,2,1,NULL),(9,2,1,NULL),(10,2,5,NULL),(11,2,9,NULL),(12,2,4,NULL),(13,2,5,NULL);
/*!40000 ALTER TABLE `wink` ENABLE KEYS */;
UNLOCK TABLES;
/*!40103 SET TIME_ZONE=@OLD_TIME_ZONE */;

/*!40101 SET SQL_MODE=@OLD_SQL_MODE */;
/*!40014 SET FOREIGN_KEY_CHECKS=@OLD_FOREIGN_KEY_CHECKS */;
/*!40014 SET UNIQUE_CHECKS=@OLD_UNIQUE_CHECKS */;
/*!40101 SET CHARACTER_SET_CLIENT=@OLD_CHARACTER_SET_CLIENT */;
/*!40101 SET CHARACTER_SET_RESULTS=@OLD_CHARACTER_SET_RESULTS */;
/*!40101 SET COLLATION_CONNECTION=@OLD_COLLATION_CONNECTION */;
/*!40111 SET SQL_NOTES=@OLD_SQL_NOTES */;

-- Dump completed on 2015-12-17 11:07:50
